file_name,streetview_id,streetview,date,Time,Date_and_time,Camera_manufacturer_and_model,Camera_manufacturer,latitude,longitude,altitude,GPS_date_time,Track_ID,ID,Distance,Direction,heading
gopro,1,GSAB0028.JPG,2022:08:13,13:07:26,2022:08:13 13:07:26,GoPro GoPro Max,GoPro,28.360523,75.591606,249.81,2022:08:13 7:37:20.00,1,2020,2.799667287,SE,126.5431366
gopro,2,GSAB0029.JPG,2022:08:13,13:07:28,2022:08:13 13:07:28,GoPro GoPro Max,GoPro,28.360508,75.591629,246.38,2022:08:13 7:37:22.00,2,2021,3.35828,SE,115.48
gopro,3,GSAB0030.JPG,2022:08:13,13:07:30,2022:08:13 13:07:30,GoPro GoPro Max,GoPro,28.360495,75.59166,245.38,2022:08:13 7:37:24.00,3,2022,4.74642,E,112.001
gopro,4,GSAB0031.JPG,2022:08:13,13:07:32,2022:08:13 13:07:32,GoPro GoPro Max,GoPro,28.360479,75.591705,243.84,2022:08:13 7:37:26.00,4,2023,5.39658,E,78.1159
gopro,5,GSAB0032.JPG,2022:08:13,13:07:34,2022:08:13 13:07:34,GoPro GoPro Max,GoPro,28.360489,75.591759,245.53,2022:08:13 7:37:28.00,5,2024,6.04874,E,80.482
gopro,6,GSAB0033.JPG,2022:08:13,13:07:36,2022:08:13 13:07:36,GoPro GoPro Max,GoPro,28.360498,75.59182,248.12,2022:08:13 7:37:30.00,6,2025,7.55109,E,79.8276
gopro,7,GSAB0034.JPG,2022:08:13,13:07:38,2022:08:13 13:07:38,GoPro GoPro Max,GoPro,28.36051,75.591896,249.26,2022:08:13 7:37:32.00,7,2026,6.82156,E,81.5687
gopro,8,GSAB0035.JPG,2022:08:13,13:07:40,2022:08:13 13:07:40,GoPro GoPro Max,GoPro,28.360519,75.591965,249.82,2022:08:13 7:37:34.00,8,2027,6.06811,E,79.4471
gopro,9,GSAB0036.JPG,2022:08:13,13:07:42,2022:08:13 13:07:42,GoPro GoPro Max,GoPro,28.360529,75.592026,250.31,2022:08:13 7:37:36.00,9,2028,6.17019,NE,46.8092
gopro,10,GSAB0037.JPG,2022:08:13,13:07:44,2022:08:13 13:07:44,GoPro GoPro Max,GoPro,28.360567,75.592072,250.76,2022:08:13 7:37:38.00,10,2029,5.15776,N,7.62707
gopro,11,GSAB0038.JPG,2022:08:13,13:07:46,2022:08:13 13:07:46,GoPro GoPro Max,GoPro,28.360613,75.592079,251.14,2022:08:13 7:37:40.00,11,2030,6.37148,N,353.832
gopro,12,GSAB0039.JPG,2022:08:13,13:07:48,2022:08:13 13:07:48,GoPro GoPro Max,GoPro,28.36067,75.592072,252.33,2022:08:13 7:37:42.00,12,2031,6.32987,NW,331.384
gopro,13,GSAB0040.JPG,2022:08:13,13:07:50,2022:08:13 13:07:50,GoPro GoPro Max,GoPro,28.36072,75.592041,254.04,2022:08:13 7:37:44.00,13,2032,5.82911,NW,297.23
gopro,14,GSAB0041.JPG,2022:08:13,13:07:52,2022:08:13 13:07:52,GoPro GoPro Max,GoPro,28.360744,75.591988,254.11,2022:08:13 7:37:46.00,14,2033,5.32283,W,277.196
gopro,15,GSAB0042.JPG,2022:08:13,13:07:54,2022:08:13 13:07:54,GoPro GoPro Max,GoPro,28.36075,75.591934,253.94,2022:08:13 7:37:48.00,15,2034,5.982,W,274.262
gopro,16,GSAB0043.JPG,2022:08:13,13:07:56,2022:08:13 13:07:56,GoPro GoPro Max,GoPro,28.360754,75.591873,254.04,2022:08:13 7:37:50.00,16,2035,5.40745,NW,303.704
gopro,17,GSAB0044.JPG,2022:08:13,13:07:58,2022:08:13 13:07:58,GoPro GoPro Max,GoPro,28.360781,75.591827,253.21,2022:08:13 7:37:52.00,17,2036,4.05894,N,350.29
gopro,18,GSAB0045.JPG,2022:08:13,13:08:00,2022:08:13 13:08:00,GoPro GoPro Max,GoPro,28.360817,75.59182,252.9,2022:08:13 7:37:54.00,18,2037,4.05329,N,338.783
gopro,19,GSAB0046.JPG,2022:08:13,13:08:02,2022:08:13 13:08:02,GoPro GoPro Max,GoPro,28.360851,75.591805,253.28,2022:08:13 7:37:56.00,19,2038,3.44513,N,0
gopro,20,GSAB0047.JPG,2022:08:13,13:08:04,2022:08:13 13:08:04,GoPro GoPro Max,GoPro,28.360882,75.591805,252.85,2022:08:13 7:37:58.00,20,2039,3.51397,NE,37.7533
gopro,21,GSAB0048.JPG,2022:08:13,13:08:06,2022:08:13 13:08:06,GoPro GoPro Max,GoPro,28.360907,75.591827,252.83,2022:08:13 7:38:0.00,21,2040,4.07844,E,69.2533
gopro,22,GSAB0049.JPG,2022:08:13,13:08:08,2022:08:13 13:08:08,GoPro GoPro Max,GoPro,28.36092,75.591866,253.93,2022:08:13 7:38:2.00,22,2041,7.49936,E,82.3355
gopro,23,GSAB0050.JPG,2022:08:13,13:08:10,2022:08:13 13:08:10,GoPro GoPro Max,GoPro,28.360929,75.591942,254.4,2022:08:13 7:38:4.00,23,2042,7.51499,E,81.4958
gopro,24,GSAB0051.JPG,2022:08:13,13:08:12,2022:08:13 13:08:12,GoPro GoPro Max,GoPro,28.360939,75.592018,253.98,2022:08:13 7:38:6.00,24,2043,7.51499,E,81.4958
gopro,25,GSAB0052.JPG,2022:08:13,13:08:14,2022:08:13 13:08:14,GoPro GoPro Max,GoPro,28.360949,75.592094,252.63,2022:08:13 7:38:8.00,25,2044,8.34079,E,80.0253
gopro,26,GSAB0053.JPG,2022:08:13,13:08:16,2022:08:13 13:08:16,GoPro GoPro Max,GoPro,28.360962,75.592178,252.07,2022:08:13 7:38:10.00,26,2045,10.1664,E,74.1402
gopro,27,GSAB0054.JPG,2022:08:13,13:08:18,2022:08:13 13:08:18,GoPro GoPro Max,GoPro,28.360987,75.592278,253.35,2022:08:13 7:38:12.00,27,2046,9.32289,E,72.6618
gopro,28,GSAB0055.JPG,2022:08:13,13:08:20,2022:08:13 13:08:20,GoPro GoPro Max,GoPro,28.361012,75.592369,253.51,2022:08:13 7:38:14.00,28,2047,11.5583,E,76.6581
gopro,29,GSAB0056.JPG,2022:08:13,13:08:22,2022:08:13 13:08:22,GoPro GoPro Max,GoPro,28.361036,75.592484,253.07,2022:08:13 7:38:16.00,29,2048,9.14634,E,76.6522
gopro,30,GSAB0057.JPG,2022:08:13,13:08:24,2022:08:13 13:08:24,GoPro GoPro Max,GoPro,28.361055,75.592575,253.91,2022:08:13 7:38:18.00,30,2049,7.46221,E,84.8734
gopro,31,GSAB0058.JPG,2022:08:13,13:08:26,2022:08:13 13:08:26,GoPro GoPro Max,GoPro,28.361061,75.592651,255.96,2022:08:13 7:38:20.00,31,2050,6.06808,E,79.447
gopro,32,GSAB0059.JPG,2022:08:13,13:08:28,2022:08:13 13:08:28,GoPro GoPro Max,GoPro,28.361071,75.592712,258.41,2022:08:13 7:38:22.00,32,2051,5.28556,E,87.5899
gopro,33,GSAB0060.JPG,2022:08:13,13:08:30,2022:08:13 13:08:30,GoPro GoPro Max,GoPro,28.361073,75.592766,258.7,2022:08:13 7:38:24.00,33,2052,2.95271,E,83.5167
gopro,34,GSAB0061.JPG,2022:08:13,13:08:32,2022:08:13 13:08:32,GoPro GoPro Max,GoPro,28.361076,75.592796,258.64,2022:08:13 7:38:26.00,34,2053,0.782353,E,90
gopro,35,GSAB0062.JPG,2022:08:13,13:08:34,2022:08:13 13:08:34,GoPro GoPro Max,GoPro,28.361076,75.592804,258.65,2022:08:13 7:38:28.00,35,2054,0.813314,E,74.1401
gopro,36,GSAB0063.JPG,2022:08:13,13:08:36,2022:08:13 13:08:36,GoPro GoPro Max,GoPro,28.361078,75.592812,258.1,2022:08:13 7:38:30.00,36,2055,1.61135,NE,65.5553
gopro,37,GSAB0064.JPG,2022:08:13,13:08:38,2022:08:13 13:08:38,GoPro GoPro Max,GoPro,28.361084,75.592827,257.95,2022:08:13 7:38:32.00,37,2056,3.00865,E,77.1953
gopro,38,GSAB0065.JPG,2022:08:13,13:08:40,2022:08:13 13:08:40,GoPro GoPro Max,GoPro,28.36109,75.592857,257.49,2022:08:13 7:38:34.00,38,2057,4.53272,E,82.9584
gopro,39,GSAB0066.JPG,2022:08:13,13:08:42,2022:08:13 13:08:42,GoPro GoPro Max,GoPro,28.361095,75.592903,255.85,2022:08:13 7:38:36.00,39,2058,5.64706,E,69.2533
gopro,40,GSAB0067.JPG,2022:08:13,13:08:44,2022:08:13 13:08:44,GoPro GoPro Max,GoPro,28.361113,75.592957,256.13,2022:08:13 7:38:38.00,40,2059,8.28632,E,78.3943
gopro,41,GSAB0068.JPG,2022:08:13,13:08:46,2022:08:13 13:08:46,GoPro GoPro Max,GoPro,28.361128,75.59304,256.04,2022:08:13 7:38:40.00,41,2060,8.25146,E,84.5902
gopro,42,GSAB0069.JPG,2022:08:13,13:08:48,2022:08:13 13:08:48,GoPro GoPro Max,GoPro,28.361135,75.593124,256.28,2022:08:13 7:38:42.00,42,2061,8.24172,E,85.3594
gopro,43,GSAB0070.JPG,2022:08:13,13:08:50,2022:08:13 13:08:50,GoPro GoPro Max,GoPro,28.361141,75.593208,256.09,2022:08:13 7:38:44.00,43,2062,11.4039,E,80.4639
gopro,44,GSAB0071.JPG,2022:08:13,13:08:52,2022:08:13 13:08:52,GoPro GoPro Max,GoPro,28.361158,75.593323,255.38,2022:08:13 7:38:46.00,44,2063,13.7297,E,77.3762
gopro,45,GSAB0072.JPG,2022:08:13,13:08:54,2022:08:13 13:08:54,GoPro GoPro Max,GoPro,28.361185,75.59346,255.18,2022:08:13 7:38:48.00,45,2064,16.2069,E,74.896
gopro,46,GSAB0073.JPG,2022:08:13,13:08:56,2022:08:13 13:08:56,GoPro GoPro Max,GoPro,28.361223,75.59362,255.38,2022:08:13 7:38:50.00,46,2065,16.6239,E,71.2835
gopro,47,GSAB0074.JPG,2022:08:13,13:08:58,2022:08:13 13:08:58,GoPro GoPro Max,GoPro,28.361271,75.593781,255.32,2022:08:13 7:38:52.00,47,2066,16.5675,E,70.8109
gopro,48,GSAB0075.JPG,2022:08:13,13:09:00,2022:08:13 13:09:00,GoPro GoPro Max,GoPro,28.36132,75.593941,254.8,2022:08:13 7:38:54.00,48,2067,15.8693,E,69.5034
gopro,49,GSAB0076.JPG,2022:08:13,13:09:02,2022:08:13 13:09:02,GoPro GoPro Max,GoPro,28.36137,75.594093,254.5,2022:08:13 7:38:56.00,49,2068,13.6212,E,68.9618
gopro,50,GSAB0077.JPG,2022:08:13,13:09:04,2022:08:13 13:09:04,GoPro GoPro Max,GoPro,28.361414,75.594223,254.16,2022:08:13 7:38:58.00,50,2069,12.8114,E,68.6335
gopro,51,GSAB0078.JPG,2022:08:13,13:09:06,2022:08:13 13:09:06,GoPro GoPro Max,GoPro,28.361456,75.594345,254.78,2022:08:13 7:39:0.00,51,2070,12.013,E,69.4185
gopro,52,GSAB0079.JPG,2022:08:13,13:09:08,2022:08:13 13:09:08,GoPro GoPro Max,GoPro,28.361494,75.59446,254.82,2022:08:13 7:39:2.00,52,2071,9.14976,NE,62.5129
gopro,53,GSAB0080.JPG,2022:08:13,13:09:10,2022:08:13 13:09:10,GoPro GoPro Max,GoPro,28.361532,75.594543,254.43,2022:08:13 7:39:4.00,53,2072,6.0738,NE,60.3946
gopro,54,GSAB0081.JPG,2022:08:13,13:09:12,2022:08:13 13:09:12,GoPro GoPro Max,GoPro,28.361559,75.594597,254.57,2022:08:13 7:39:6.00,54,2073,2.94222,E,94.3325
gopro,55,GSAB0082.JPG,2022:08:13,13:09:14,2022:08:13 13:09:14,GoPro GoPro Max,GoPro,28.361557,75.594627,254.63,2022:08:13 7:39:8.00,55,2074,2.93743,SE,130.029
gopro,56,GSAB0083.JPG,2022:08:13,13:09:16,2022:08:13 13:09:16,GoPro GoPro Max,GoPro,28.36154,75.59465,254.68,2022:08:13 7:39:10.00,56,2075,1.88927,S,180
gopro,57,GSAB0084.JPG,2022:08:13,13:09:18,2022:08:13 13:09:18,GoPro GoPro Max,GoPro,28.361523,75.59465,253.8,2022:08:13 7:39:12.00,57,2076,0.444533,S,180
gopro,58,GSAB0085.JPG,2022:08:13,13:09:20,2022:08:13 13:09:20,GoPro GoPro Max,GoPro,28.361519,75.59465,253.81,2022:08:13 7:39:14.00,58,2077,0.78235,E,90
gopro,59,GSAB0086.JPG,2022:08:13,13:09:22,2022:08:13 13:09:22,GoPro GoPro Max,GoPro,28.361519,75.594658,253.46,2022:08:13 7:39:16.00,59,2078,0.222267,S,180
gopro,60,GSAB0087.JPG,2022:08:13,13:09:24,2022:08:13 13:09:24,GoPro GoPro Max,GoPro,28.361517,75.594658,253.27,2022:08:13 7:39:18.00,60,2079,0.6668,S,180
gopro,61,GSAB0088.JPG,2022:08:13,13:09:26,2022:08:13 13:09:26,GoPro GoPro Max,GoPro,28.361511,75.594658,253.13,2022:08:13 7:39:20.00,61,2080,1.64296,SW,208.436
gopro,62,GSAB0089.JPG,2022:08:13,13:09:28,2022:08:13 13:09:28,GoPro GoPro Max,GoPro,28.361498,75.59465,252.83,2022:08:13 7:39:22.00,62,2081,2.93743,SW,229.971
gopro,63,GSAB0090.JPG,2022:08:13,13:09:30,2022:08:13 13:09:30,GoPro GoPro Max,GoPro,28.361481,75.594627,252.44,2022:08:13 7:39:24.00,63,2082,3.82104,W,256.545
gopro,64,GSAB0091.JPG,2022:08:13,13:09:32,2022:08:13 13:09:32,GoPro GoPro Max,GoPro,28.361473,75.594589,251.74,2022:08:13 7:39:26.00,64,2083,7.72645,W,254.14
gopro,65,GSAB0092.JPG,2022:08:13,13:09:34,2022:08:13 13:09:34,GoPro GoPro Max,GoPro,28.361454,75.594513,251.45,2022:08:13 7:39:28.00,65,2084,9.34034,SW,241.58
gopro,66,GSAB0093.JPG,2022:08:13,13:09:36,2022:08:13 13:09:36,GoPro GoPro Max,GoPro,28.361414,75.594429,251.58,2022:08:13 7:39:30.00,66,2085,9.55991,SW,239.236
gopro,67,GSAB0094.JPG,2022:08:13,13:09:38,2022:08:13 13:09:38,GoPro GoPro Max,GoPro,28.36137,75.594345,250.74,2022:08:13 7:39:32.00,67,2086,7.84467,SW,239.336
gopro,68,GSAB0095.JPG,2022:08:13,13:09:40,2022:08:13 13:09:40,GoPro GoPro Max,GoPro,28.361334,75.594276,250.56,2022:08:13 7:39:34.00,68,2087,3.94821,W,250.259
gopro,69,GSAB0096.JPG,2022:08:13,13:09:42,2022:08:13 13:09:42,GoPro GoPro Max,GoPro,28.361322,75.594238,250.38,2022:08:13 7:39:36.00,69,2088,0.222267,S,180
gopro,70,GSAB0098.JPG,2022:08:13,13:09:46,2022:08:13 13:09:46,GoPro GoPro Max,GoPro,28.36132,75.594231,250.21,2022:08:13 7:39:40.00,70,2090,0.111133,S,180
gopro,71,GSAC0108.JPG,2022:08:13,13:10:12,2022:08:13 13:10:12,GoPro GoPro Max,GoPro,28.361319,75.594223,252.35,2022:08:13 7:40:6.00,71,2100,0.222267,S,180
gopro,72,GSAC0112.JPG,2022:08:13,13:10:20,2022:08:13 13:10:20,GoPro GoPro Max,GoPro,28.361317,75.594215,252.98,2022:08:13 7:40:14.00,72,2104,1.61135,SW,245.555
gopro,73,GSAC0113.JPG,2022:08:13,13:10:22,2022:08:13 13:10:22,GoPro GoPro Max,GoPro,28.361311,75.5942,253.36,2022:08:13 7:40:16.00,73,2105,6.25745,W,252.427
gopro,74,GSAC0114.JPG,2022:08:13,13:10:24,2022:08:13 13:10:24,GoPro GoPro Max,GoPro,28.361294,75.594139,253.41,2022:08:13 7:40:18.00,74,2106,8.82429,W,248.578
gopro,75,GSAC0115.JPG,2022:08:13,13:10:26,2022:08:13 13:10:26,GoPro GoPro Max,GoPro,28.361265,75.594055,253.33,2022:08:13 7:40:20.00,75,2107,8.60318,W,252.716
gopro,76,GSAC0116.JPG,2022:08:13,13:10:28,2022:08:13 13:10:28,GoPro GoPro Max,GoPro,28.361242,75.593971,253.37,2022:08:13 7:40:22.00,76,2108,11.1253,W,250.145
gopro,77,GSAC0117.JPG,2022:08:13,13:10:30,2022:08:13 13:10:30,GoPro GoPro Max,GoPro,28.361208,75.593864,252.98,2022:08:13 7:40:24.00,77,2109,10.9237,W,251.616
gopro,78,GSAC0118.JPG,2022:08:13,13:10:32,2022:08:13 13:10:32,GoPro GoPro Max,GoPro,28.361177,75.593758,252.81,2022:08:13 7:40:26.00,78,2110,11.0518,W,251.229
gopro,79,GSAC0119.JPG,2022:08:13,13:10:34,2022:08:13 13:10:34,GoPro GoPro Max,GoPro,28.361145,75.593651,252.71,2022:08:13 7:40:28.00,79,2111,13.0133,W,257.672
gopro,80,GSAC0120.JPG,2022:08:13,13:10:36,2022:08:13 13:10:36,GoPro GoPro Max,GoPro,28.36112,75.593521,252.61,2022:08:13 7:40:30.00,80,2112,12.2016,W,257.908
gopro,81,GSAC0121.JPG,2022:08:13,13:10:38,2022:08:13 13:10:38,GoPro GoPro Max,GoPro,28.361097,75.593399,252.32,2022:08:13 7:40:32.00,81,2113,11.2418,W,262.616
gopro,82,GSAC0122.JPG,2022:08:13,13:10:40,2022:08:13 13:10:40,GoPro GoPro Max,GoPro,28.361084,75.593285,252.27,2022:08:13 7:40:34.00,82,2114,11.3126,W,263.796
gopro,83,GSAC0123.JPG,2022:08:13,13:10:42,2022:08:13 13:10:42,GoPro GoPro Max,GoPro,28.361073,75.59317,252.3,2022:08:13 7:40:36.00,83,2115,8.92421,W,265.715
gopro,84,GSAC0124.JPG,2022:08:13,13:10:44,2022:08:13 13:10:44,GoPro GoPro Max,GoPro,28.361067,75.593079,252.47,2022:08:13 7:40:38.00,84,2116,6.80612,W,262.494
gopro,85,GSAC0125.JPG,2022:08:13,13:10:46,2022:08:13 13:10:46,GoPro GoPro Max,GoPro,28.361059,75.59301,253.07,2022:08:13 7:40:40.00,85,2117,3.72282,W,266.577
gopro,86,GSAC0126.JPG,2022:08:13,13:10:48,2022:08:13 13:10:48,GoPro GoPro Max,GoPro,28.361057,75.592972,252.92,2022:08:13 7:40:42.00,86,2118,1.53279,W,253.141
gopro,87,GSAC0127.JPG,2022:08:13,13:10:50,2022:08:13 13:10:50,GoPro GoPro Max,GoPro,28.361053,75.592957,252.83,2022:08:13 7:40:44.00,87,2119,2.24927,W,270
gopro,88,GSAC0128.JPG,2022:08:13,13:10:52,2022:08:13 13:10:52,GoPro GoPro Max,GoPro,28.361053,75.592934,251.96,2022:08:13 7:40:46.00,88,2120,3.91208,W,251.791
gopro,89,GSAC0129.JPG,2022:08:13,13:10:54,2022:08:13 13:10:54,GoPro GoPro Max,GoPro,28.361042,75.592896,252.15,2022:08:13 7:40:48.00,89,2121,3.97259,W,253.755
gopro,90,GSAC0130.JPG,2022:08:13,13:10:56,2022:08:13 13:10:56,GoPro GoPro Max,GoPro,28.361032,75.592857,252.35,2022:08:13 7:40:50.00,90,2122,2.93593,W,267.831
gopro,91,GSAC0131.JPG,2022:08:13,13:10:58,2022:08:13 13:10:58,GoPro GoPro Max,GoPro,28.361031,75.592827,250.47,2022:08:13 7:40:52.00,91,2123,4.49853,W,270
gopro,92,GSAC0132.JPG,2022:08:13,13:11:00,2022:08:13 13:11:00,GoPro GoPro Max,GoPro,28.361031,75.592781,249.65,2022:08:13 7:40:54.00,92,2124,5.96959,W,267.866
gopro,93,GSAC0133.JPG,2022:08:13,13:11:02,2022:08:13 13:11:02,GoPro GoPro Max,GoPro,28.361029,75.59272,248.22,2022:08:13 7:40:56.00,93,2125,7.4531,W,274.276
gopro,94,GSAC0134.JPG,2022:08:13,13:11:04,2022:08:13 13:11:04,GoPro GoPro Max,GoPro,28.361034,75.592644,246.43,2022:08:13 7:40:58.00,94,2126,8.23348,W,266.13
gopro,95,GSAC0135.JPG,2022:08:13,13:11:06,2022:08:13 13:11:06,GoPro GoPro Max,GoPro,28.361029,75.59256,246.84,2022:08:13 7:41:0.00,95,2127,8.40495,W,257.786
gopro,96,GSAC0136.JPG,2022:08:13,13:11:08,2022:08:13 13:11:08,GoPro GoPro Max,GoPro,28.361013,75.592476,248.44,2022:08:13 7:41:2.00,96,2128,9.98557,W,255.827
gopro,97,GSAC0137.JPG,2022:08:13,13:11:10,2022:08:13 13:11:10,GoPro GoPro Max,GoPro,28.360991,75.592377,248.49,2022:08:13 7:41:4.00,97,2129,10.614,W,260.356
gopro,98,GSAC0138.JPG,2022:08:13,13:11:12,2022:08:13 13:11:12,GoPro GoPro Max,GoPro,28.360975,75.59227,248.45,2022:08:13 7:41:6.00,98,2130,10.6332,W,259.766
gopro,99,GSAC0139.JPG,2022:08:13,13:11:14,2022:08:13 13:11:14,GoPro GoPro Max,GoPro,28.360958,75.592163,249.16,2022:08:13 7:41:8.00,99,2131,11.1933,W,264.873
gopro,100,GSAC0140.JPG,2022:08:13,13:11:16,2022:08:13 13:11:16,GoPro GoPro Max,GoPro,28.360949,75.592049,248.65,2022:08:13 7:41:10.00,100,2132,10.5486,W,262.737
gopro,101,GSAC0141.JPG,2022:08:13,13:11:18,2022:08:13 13:11:18,GoPro GoPro Max,GoPro,28.360937,75.591942,248.05,2022:08:13 7:41:12.00,101,2133,11.3388,W,262.68
gopro,102,GSAC0142.JPG,2022:08:13,13:11:20,2022:08:13 13:11:20,GoPro GoPro Max,GoPro,28.360924,75.591827,247.39,2022:08:13 7:41:14.00,102,2134,11.3902,W,258.177
gopro,103,GSAC0143.JPG,2022:08:13,13:11:22,2022:08:13 13:11:22,GoPro GoPro Max,GoPro,28.360903,75.591713,247.19,2022:08:13 7:41:16.00,103,2135,11.9826,W,264.678
gopro,104,GSAC0144.JPG,2022:08:13,13:11:24,2022:08:13 13:11:24,GoPro GoPro Max,GoPro,28.360893,75.591591,246.44,2022:08:13 7:41:18.00,104,2136,12.0181,W,263.096
gopro,105,GSAC0145.JPG,2022:08:13,13:11:26,2022:08:13 13:11:26,GoPro GoPro Max,GoPro,28.36088,75.591469,244.3,2022:08:13 7:41:20.00,105,2137,11.9826,W,264.678
gopro,106,GSAC0146.JPG,2022:08:13,13:11:28,2022:08:13 13:11:28,GoPro GoPro Max,GoPro,28.36087,75.591347,243.4,2022:08:13 7:41:22.00,106,2138,9.24154,W,256.792
gopro,107,GSAC0147.JPG,2022:08:13,13:11:30,2022:08:13 13:11:30,GoPro GoPro Max,GoPro,28.360851,75.591255,243.53,2022:08:13 7:41:24.00,107,2139,9.95896,W,256.447
gopro,108,GSAC0148.JPG,2022:08:13,13:11:32,2022:08:13 13:11:32,GoPro GoPro Max,GoPro,28.36083,75.591156,243.04,2022:08:13 7:41:26.00,108,2140,11.2418,W,262.616
gopro,109,GSAC0149.JPG,2022:08:13,13:11:34,2022:08:13 13:11:34,GoPro GoPro Max,GoPro,28.360817,75.591042,243.47,2022:08:13 7:41:28.00,109,2141,12.7307,W,266.998
gopro,110,GSAC0150.JPG,2022:08:13,13:11:36,2022:08:13 13:11:36,GoPro GoPro Max,GoPro,28.360811,75.590912,242.05,2022:08:13 7:41:30.00,110,2142,12.9257,W,259.598
gopro,111,GSAC0151.JPG,2022:08:13,13:11:38,2022:08:13 13:11:38,GoPro GoPro Max,GoPro,28.36079,75.590782,243.17,2022:08:13 7:41:32.00,111,2143,13.6395,W,259.199
gopro,112,GSAC0152.JPG,2022:08:13,13:11:40,2022:08:13 13:11:40,GoPro GoPro Max,GoPro,28.360767,75.590645,243.63,2022:08:13 7:41:34.00,112,2144,15.0124,W,265.329
gopro,113,GSAC0153.JPG,2022:08:13,13:11:42,2022:08:13 13:11:42,GoPro GoPro Max,GoPro,28.360756,75.590492,243.81,2022:08:13 7:41:36.00,113,2145,12.7251,W,262.473
gopro,114,GSAC0154.JPG,2022:08:13,13:11:44,2022:08:13 13:11:44,GoPro GoPro Max,GoPro,28.360741,75.590363,244.21,2022:08:13 7:41:38.00,114,2146,15.9882,W,259.993
gopro,115,GSAC0155.JPG,2022:08:13,13:11:46,2022:08:13 13:11:46,GoPro GoPro Max,GoPro,28.360716,75.590202,244.9,2022:08:13 7:41:40.00,115,2147,15.1222,W,259.413
gopro,116,GSAC0156.JPG,2022:08:13,13:11:48,2022:08:13 13:11:48,GoPro GoPro Max,GoPro,28.360691,75.59005,245.24,2022:08:13 7:41:42.00,116,2148,15.7608,W,263.115
gopro,117,GSAC0157.JPG,2022:08:13,13:11:50,2022:08:13 13:11:50,GoPro GoPro Max,GoPro,28.360674,75.58989,246.09,2022:08:13 7:41:44.00,117,2149,15.2183,W,259.481
gopro,118,GSAC0158.JPG,2022:08:13,13:11:52,2022:08:13 13:11:52,GoPro GoPro Max,GoPro,28.360649,75.589737,245.82,2022:08:13 7:41:46.00,118,2150,13.5996,W,260.119
gopro,119,GSAC0159.JPG,2022:08:13,13:11:54,2022:08:13 13:11:54,GoPro GoPro Max,GoPro,28.360628,75.5896,246.18,2022:08:13 7:41:48.00,119,2151,6.76245,W,266.231
gopro,120,GSAC0160.JPG,2022:08:13,13:11:56,2022:08:13 13:11:56,GoPro GoPro Max,GoPro,28.360624,75.589531,246.45,2022:08:13 7:41:50.00,120,2152,5.20214,W,265.098
gopro,121,GSAC0161.JPG,2022:08:13,13:11:58,2022:08:13 13:11:58,GoPro GoPro Max,GoPro,28.36062,75.589478,247.26,2022:08:13 7:41:52.00,121,2153,6.95069,W,256.123
gopro,122,GSAC0162.JPG,2022:08:13,13:12:00,2022:08:13 13:12:00,GoPro GoPro Max,GoPro,28.360605,75.589409,247.52,2022:08:13 7:41:54.00,122,2154,9.35315,W,254.14
gopro,123,GSAC0163.JPG,2022:08:13,13:12:02,2022:08:13 13:12:02,GoPro GoPro Max,GoPro,28.360582,75.589317,246.77,2022:08:13 7:41:56.00,123,2155,11.2725,W,261.496
gopro,124,GSAC0164.JPG,2022:08:13,13:12:04,2022:08:13 13:12:04,GoPro GoPro Max,GoPro,28.360567,75.589203,247.51,2022:08:13 7:41:58.00,124,2156,11.964,W,265.738
gopro,125,GSAC0165.JPG,2022:08:13,13:12:06,2022:08:13 13:12:06,GoPro GoPro Max,GoPro,28.360559,75.589081,248.46,2022:08:13 7:42:0.00,125,2157,14.2536,W,264.183
gopro,126,GSAC0166.JPG,2022:08:13,13:12:08,2022:08:13 13:12:08,GoPro GoPro Max,GoPro,28.360546,75.588936,248.8,2022:08:13 7:42:2.00,126,2158,13.5632,W,261.044
gopro,127,GSAC0167.JPG,2022:08:13,13:12:10,2022:08:13 13:12:10,GoPro GoPro Max,GoPro,28.360527,75.588799,248.51,2022:08:13 7:42:4.00,127,2159,12.8529,W,261.547
gopro,128,GSAC0168.JPG,2022:08:13,13:12:12,2022:08:13 13:12:12,GoPro GoPro Max,GoPro,28.36051,75.588669,248.66,2022:08:13 7:42:6.00,128,2160,12.2502,W,256.891
gopro,129,GSAC0169.JPG,2022:08:13,13:12:14,2022:08:13 13:12:14,GoPro GoPro Max,GoPro,28.360485,75.588547,247.31,2022:08:13 7:42:8.00,129,2161,11.3326,SW,238.685
gopro,130,GSAC0170.JPG,2022:08:13,13:12:16,2022:08:13 13:12:16,GoPro GoPro Max,GoPro,28.360432,75.588448,248.41,2022:08:13 7:42:10.00,130,2162,10.8266,W,255.13
gopro,131,GSAC0171.JPG,2022:08:13,13:12:18,2022:08:13 13:12:18,GoPro GoPro Max,GoPro,28.360407,75.588341,248.82,2022:08:13 7:42:12.00,131,2163,11.404,W,279.536
gopro,132,GSAC0172.JPG,2022:08:13,13:12:20,2022:08:13 13:12:20,GoPro GoPro Max,GoPro,28.360424,75.588226,248.74,2022:08:13 7:42:14.00,132,2164,11.931,W,270
gopro,133,GSAC0173.JPG,2022:08:13,13:12:22,2022:08:13 13:12:22,GoPro GoPro Max,GoPro,28.360424,75.588104,248.77,2022:08:13 7:42:16.00,133,2165,11.2418,W,262.616
gopro,134,GSAC0174.JPG,2022:08:13,13:12:24,2022:08:13 13:12:24,GoPro GoPro Max,GoPro,28.360411,75.58799,247.24,2022:08:13 7:42:18.00,134,2166,8.405,W,257.786
gopro,135,GSAC0175.JPG,2022:08:13,13:12:26,2022:08:13 13:12:26,GoPro GoPro Max,GoPro,28.360395,75.587906,247.75,2022:08:13 7:42:20.00,135,2167,8.34084,W,260.025
gopro,136,GSAC0176.JPG,2022:08:13,13:12:28,2022:08:13 13:12:28,GoPro GoPro Max,GoPro,28.360382,75.587822,247.23,2022:08:13 7:42:22.00,136,2168,10.7211,W,257.427
gopro,137,GSAC0177.JPG,2022:08:13,13:12:30,2022:08:13 13:12:30,GoPro GoPro Max,GoPro,28.360361,75.587715,247.58,2022:08:13 7:42:24.00,137,2169,10.6332,W,259.766
gopro,138,GSAC0178.JPG,2022:08:13,13:12:32,2022:08:13 13:12:32,GoPro GoPro Max,GoPro,28.360344,75.587608,247.87,2022:08:13 7:42:26.00,138,2170,10.537,W,259.671
gopro,139,GSAC0179.JPG,2022:08:13,13:12:34,2022:08:13 13:12:34,GoPro GoPro Max,GoPro,28.360327,75.587502,247.38,2022:08:13 7:42:28.00,139,2171,12.2127,W,260.044
gopro,140,GSAC0180.JPG,2022:08:13,13:12:36,2022:08:13 13:12:36,GoPro GoPro Max,GoPro,28.360308,75.587379,247.21,2022:08:13 7:42:30.00,140,2172,12.1164,W,259.964
gopro,141,GSAC0181.JPG,2022:08:13,13:12:38,2022:08:13 13:12:38,GoPro GoPro Max,GoPro,28.360289,75.587257,246.8,2022:08:13 7:42:32.00,141,2173,11.4379,W,257.087
gopro,142,GSAC0182.JPG,2022:08:13,13:12:40,2022:08:13 13:12:40,GoPro GoPro Max,GoPro,28.360266,75.587143,246.87,2022:08:13 7:42:34.00,142,2174,11.163,SW,240.147
gopro,143,GSAC0183.JPG,2022:08:13,13:12:42,2022:08:13 13:12:42,GoPro GoPro Max,GoPro,28.360216,75.587044,246.66,2022:08:13 7:42:36.00,143,2175,8.23527,SW,246.119
gopro,144,GSAC0184.JPG,2022:08:13,13:12:44,2022:08:13 13:12:44,GoPro GoPro Max,GoPro,28.360186,75.586967,246.96,2022:08:13 7:42:38.00,144,2176,7.66878,W,284.262
gopro,145,GSAC0185.JPG,2022:08:13,13:12:46,2022:08:13 13:12:46,GoPro GoPro Max,GoPro,28.360203,75.586891,247.21,2022:08:13 7:42:40.00,145,2177,7.56575,N,342.705
gopro,146,GSAC0186.JPG,2022:08:13,13:12:48,2022:08:13 13:12:48,GoPro GoPro Max,GoPro,28.360268,75.586868,247.42,2022:08:13 7:42:42.00,146,2178,8.07718,NE,47.6089
gopro,147,GSAC0187.JPG,2022:08:13,13:12:50,2022:08:13 13:12:50,GoPro GoPro Max,GoPro,28.360317,75.586929,247.57,2022:08:13 7:42:44.00,147,2179,7.76359,E,104.084
gopro,148,GSAC0188.JPG,2022:08:13,13:12:52,2022:08:13 13:12:52,GoPro GoPro Max,GoPro,28.3603,75.587006,247.89,2022:08:13 7:42:46.00,148,2180,7.56575,S,162.705
gopro,149,GSAC0189.JPG,2022:08:13,13:12:54,2022:08:13 13:12:54,GoPro GoPro Max,GoPro,28.360235,75.587029,247.75,2022:08:13 7:42:48.00,149,2181,7.91082,SW,221.879
gopro,150,GSAC0190.JPG,2022:08:13,13:12:56,2022:08:13 13:12:56,GoPro GoPro Max,GoPro,28.360182,75.586975,247.58,2022:08:13 7:42:50.00,150,2182,8.21778,W,271.55
gopro,151,GSAC0191.JPG,2022:08:13,13:12:58,2022:08:13 13:12:58,GoPro GoPro Max,GoPro,28.360184,75.586891,247.77,2022:08:13 7:42:52.00,151,2183,9.95901,W,283.553
gopro,152,GSAC0192.JPG,2022:08:13,13:13:00,2022:08:13 13:13:00,GoPro GoPro Max,GoPro,28.360205,75.586792,248.05,2022:08:13 7:42:54.00,152,2184,10.4641,W,270
gopro,153,GSAC0193.JPG,2022:08:13,13:13:02,2022:08:13 13:13:02,GoPro GoPro Max,GoPro,28.360205,75.586685,247.9,2022:08:13 7:42:56.00,153,2185,12.8082,W,263.023
gopro,154,GSAC0194.JPG,2022:08:13,13:13:04,2022:08:13 13:13:04,GoPro GoPro Max,GoPro,28.360191,75.586555,247.75,2022:08:13 7:42:58.00,154,2186,13.5012,W,262.908
gopro,155,GSAC0195.JPG,2022:08:13,13:13:06,2022:08:13 13:13:06,GoPro GoPro Max,GoPro,28.360176,75.586418,246.72,2022:08:13 7:43:0.00,155,2187,12.7952,W,263.517
gopro,156,GSAC0196.JPG,2022:08:13,13:13:08,2022:08:13 13:13:08,GoPro GoPro Max,GoPro,28.360163,75.586288,245.73,2022:08:13 7:43:2.00,156,2188,14.3366,W,261.531
gopro,157,GSAC0197.JPG,2022:08:13,13:13:10,2022:08:13 13:13:10,GoPro GoPro Max,GoPro,28.360144,75.586143,246.03,2022:08:13 7:43:4.00,157,2189,13.488,W,263.376
gopro,158,GSAC0198.JPG,2022:08:13,13:13:12,2022:08:13 13:13:12,GoPro GoPro Max,GoPro,28.36013,75.586006,246.89,2022:08:13 7:43:6.00,158,2190,12.1164,W,259.964
gopro,159,GSAC0199.JPG,2022:08:13,13:13:14,2022:08:13 13:13:14,GoPro GoPro Max,GoPro,28.360111,75.585884,246.51,2022:08:13 7:43:8.00,159,2191,10.0725,W,253.988
gopro,160,GSAC0200.JPG,2022:08:13,13:13:16,2022:08:13 13:13:16,GoPro GoPro Max,GoPro,28.360086,75.585785,247.18,2022:08:13 7:43:10.00,160,2192,9.86432,W,258.958
gopro,161,GSAC0201.JPG,2022:08:13,13:13:18,2022:08:13 13:13:18,GoPro GoPro Max,GoPro,28.360069,75.585686,247.85,2022:08:13 7:43:12.00,161,2193,9.73324,W,264.102
gopro,162,GSAC0202.JPG,2022:08:13,13:13:20,2022:08:13 13:13:20,GoPro GoPro Max,GoPro,28.36006,75.585587,248.15,2022:08:13 7:43:14.00,162,2194,10.7717,W,256.273
gopro,163,GSAC0203.JPG,2022:08:13,13:13:22,2022:08:13 13:13:22,GoPro GoPro Max,GoPro,28.360037,75.58548,248.25,2022:08:13 7:43:16.00,163,2195,13.6273,W,262.031
gopro,164,GSAC0204.JPG,2022:08:13,13:13:24,2022:08:13 13:13:24,GoPro GoPro Max,GoPro,28.36002,75.585342,247.71,2022:08:13 7:43:18.00,164,2196,12.7403,W,261.977
gopro,165,GSAC0205.JPG,2022:08:13,13:13:26,2022:08:13 13:13:26,GoPro GoPro Max,GoPro,28.360004,75.585213,247.92,2022:08:13 7:43:20.00,165,2197,11.3693,W,261.569
gopro,166,GSAC0206.JPG,2022:08:13,13:13:28,2022:08:13 13:13:28,GoPro GoPro Max,GoPro,28.359989,75.585098,247.7,2022:08:13 7:43:22.00,166,2198,9.82418,W,260.231
gopro,167,GSAC0207.JPG,2022:08:13,13:13:30,2022:08:13 13:13:30,GoPro GoPro Max,GoPro,28.359974,75.584999,248.04,2022:08:13 7:43:24.00,167,2199,9.78892,W,261.513
gopro,168,GSAC0208.JPG,2022:08:13,13:13:32,2022:08:13 13:13:32,GoPro GoPro Max,GoPro,28.359961,75.5849,248.79,2022:08:13 7:43:26.00,168,2200,10.6975,W,258.008
gopro,169,GSAC0209.JPG,2022:08:13,13:13:34,2022:08:13 13:13:34,GoPro GoPro Max,GoPro,28.359941,75.584793,248.16,2022:08:13 7:43:28.00,169,2201,12.1164,W,259.964
gopro,170,GSAC0210.JPG,2022:08:13,13:13:36,2022:08:13 13:13:36,GoPro GoPro Max,GoPro,28.359922,75.584671,247.96,2022:08:13 7:43:30.00,170,2202,11.3076,W,260.382
gopro,171,GSAC0211.JPG,2022:08:13,13:13:38,2022:08:13 13:13:38,GoPro GoPro Max,GoPro,28.359905,75.584557,247.84,2022:08:13 7:43:32.00,171,2203,12.8222,W,262.53
gopro,172,GSAC0212.JPG,2022:08:13,13:13:40,2022:08:13 13:13:40,GoPro GoPro Max,GoPro,28.35989,75.584427,246.74,2022:08:13 7:43:34.00,172,2204,12.772,W,264.508
gopro,173,GSAC0213.JPG,2022:08:13,13:13:42,2022:08:13 13:13:42,GoPro GoPro Max,GoPro,28.359879,75.584297,245.85,2022:08:13 7:43:36.00,173,2205,10.5018,W,265.144
gopro,174,GSAC0214.JPG,2022:08:13,13:13:44,2022:08:13 13:13:44,GoPro GoPro Max,GoPro,28.359871,75.58419,245.32,2022:08:13 7:43:38.00,174,2206,8.24182,W,274.641
gopro,175,GSAC0215.JPG,2022:08:13,13:13:46,2022:08:13 13:13:46,GoPro GoPro Max,GoPro,28.359877,75.584106,243.38,2022:08:13 7:43:40.00,175,2207,4.59841,W,253.141
gopro,176,GSAC0216.JPG,2022:08:13,13:13:48,2022:08:13 13:13:48,GoPro GoPro Max,GoPro,28.359865,75.584061,242.76,2022:08:13 7:43:42.00,176,2208,2.79968,SW,233.457
gopro,177,GSAC0217.JPG,2022:08:13,13:13:50,2022:08:13 13:13:50,GoPro GoPro Max,GoPro,28.35985,75.584038,244.38,2022:08:13 7:43:44.00,177,2209,0.222267,S,180
gopro,178,GSAC0239.JPG,2022:08:13,13:14:34,2022:08:13 13:14:34,GoPro GoPro Max,GoPro,28.360159,75.58593,257.38,2022:08:13 7:44:28.00,178,2231,10.57732211,N,12.2777853
gopro,179,GSAC0240.JPG,2022:08:13,13:14:36,2022:08:13 13:14:36,GoPro GoPro Max,GoPro,28.360252,75.585953,257.59,2022:08:13 7:44:30.00,179,2232,13.30597289,N,353.6705322
gopro,180,GSAC0241.JPG,2022:08:13,13:14:38,2022:08:13 13:14:38,GoPro GoPro Max,GoPro,28.360371,75.585938,257.44,2022:08:13 7:44:32.00,180,2233,15.52415878,N,348.7386169
gopro,181,GSAC0242.JPG,2022:08:13,13:14:40,2022:08:13 13:14:40,GoPro GoPro Max,GoPro,28.360508,75.585907,257.04,2022:08:13 7:44:34.00,181,2234,14.95089506,N,351.3473206
gopro,182,GSAC0243.JPG,2022:08:13,13:14:42,2022:08:13 13:14:42,GoPro GoPro Max,GoPro,28.360641,75.585884,257.35,2022:08:13 7:44:36.00,182,2235,16.59794608,N,349.8189697
gopro,183,GSAC0244.JPG,2022:08:13,13:14:44,2022:08:13 13:14:44,GoPro GoPro Max,GoPro,28.360788,75.585854,257.48,2022:08:13 7:44:38.00,183,2236,16.83409462,N,349.6250916
gopro,184,GSAC0245.JPG,2022:08:13,13:14:46,2022:08:13 13:14:46,GoPro GoPro Max,GoPro,28.360937,75.585823,257.35,2022:08:13 7:44:40.00,184,2237,15.17810832,N,348.85495
gopro,185,GSAC0246.JPG,2022:08:13,13:14:48,2022:08:13 13:14:48,GoPro GoPro Max,GoPro,28.361071,75.585793,257.62,2022:08:13 7:44:42.00,185,2238,13.74357072,N,350.5806274
gopro,186,GSAC0247.JPG,2022:08:13,13:14:50,2022:08:13 13:14:50,GoPro GoPro Max,GoPro,28.361193,75.58577,256.62,2022:08:13 7:44:44.00,186,2239,12.42986783,N,349.5745239
gopro,187,GSAC0248.JPG,2022:08:13,13:14:52,2022:08:13 13:14:52,GoPro GoPro Max,GoPro,28.361303,75.585747,256.14,2022:08:13 7:44:46.00,187,2240,12.97675017,N,350.0185242
gopro,188,GSAC0249.JPG,2022:08:13,13:14:54,2022:08:13 13:14:54,GoPro GoPro Max,GoPro,28.361418,75.585724,256.22,2022:08:13 7:44:48.00,188,2241,13.85838605,N,353.9238586
gopro,189,GSAC0250.JPG,2022:08:13,13:14:56,2022:08:13 13:14:56,GoPro GoPro Max,GoPro,28.361542,75.585709,256.61,2022:08:13 7:44:50.00,189,2242,14.401792,N,351.0148315
gopro,190,GSAC0251.JPG,2022:08:13,13:14:58,2022:08:13 13:14:58,GoPro GoPro Max,GoPro,28.36167,75.585686,257.1,2022:08:13 7:44:52.00,190,2243,16.07950925,N,354.4157104
gopro,191,GSAC0252.JPG,2022:08:13,13:15:00,2022:08:13 13:15:00,GoPro GoPro Max,GoPro,28.361814,75.58567,257.77,2022:08:13 7:44:54.00,191,2244,17.066556,N,355.0692444
gopro,192,GSAC0253.JPG,2022:08:13,13:15:02,2022:08:13 13:15:02,GoPro GoPro Max,GoPro,28.361967,75.585655,259,2022:08:13 7:44:56.00,192,2245,17.48209534,N,352.6078491
gopro,193,GSAC0254.JPG,2022:08:13,13:15:04,2022:08:13 13:15:04,GoPro GoPro Max,GoPro,28.362123,75.585632,258.7,2022:08:13 7:44:58.00,193,2246,18.13139328,N,350.6881714
gopro,194,GSAC0255.JPG,2022:08:13,13:15:06,2022:08:13 13:15:06,GoPro GoPro Max,GoPro,28.362284,75.585602,258.84,2022:08:13 7:45:0.00,194,2247,15.96035894,N,349.0504456
gopro,195,GSAC0256.JPG,2022:08:13,13:15:08,2022:08:13 13:15:08,GoPro GoPro Max,GoPro,28.362425,75.585571,258.38,2022:08:13 7:45:2.00,195,2248,15.39050824,N,351.5964355
gopro,196,GSAC0257.JPG,2022:08:13,13:15:10,2022:08:13 13:15:10,GoPro GoPro Max,GoPro,28.362562,75.585548,258.82,2022:08:13 7:45:4.00,196,2249,12.64344754,N,353.3375549
gopro,197,GSAC0258.JPG,2022:08:13,13:15:12,2022:08:13 13:15:12,GoPro GoPro Max,GoPro,28.362675,75.585533,258.59,2022:08:13 7:45:6.00,197,2250,9.602342149,N,13.54669285
gopro,198,GSAC0259.JPG,2022:08:13,13:15:14,2022:08:13 13:15:14,GoPro GoPro Max,GoPro,28.362759,75.585556,257.73,2022:08:13 7:45:8.00,198,2251,9.73456609,NE,57.54962158
gopro,199,GSAC0260.JPG,2022:08:13,13:15:16,2022:08:13 13:15:16,GoPro GoPro Max,GoPro,28.362806,75.58564,256.98,2022:08:13 7:45:10.00,199,2252,12.20142845,E,77.90758514
gopro,200,GSAC0261.JPG,2022:08:13,13:15:18,2022:08:13 13:15:18,GoPro GoPro Max,GoPro,28.362829,75.585762,256.18,2022:08:13 7:45:12.00,200,2253,14.44953821,E,78.91422272
gopro,201,GSAC0262.JPG,2022:08:13,13:15:20,2022:08:13 13:15:20,GoPro GoPro Max,GoPro,28.362854,75.585907,256.06,2022:08:13 7:45:14.00,201,2254,14.33626551,E,81.53031158
gopro,202,GSAC0263.JPG,2022:08:13,13:15:22,2022:08:13 13:15:22,GoPro GoPro Max,GoPro,28.362873,75.586052,256.42,2022:08:13 7:45:16.00,202,2255,13.63922174,E,79.19858551
gopro,203,GSAC0264.JPG,2022:08:13,13:15:24,2022:08:13 13:15:24,GoPro GoPro Max,GoPro,28.362896,75.586189,255.75,2022:08:13 7:45:18.00,203,2256,11.40372089,E,80.46378326
gopro,204,GSAC0265.JPG,2022:08:13,13:15:26,2022:08:13 13:15:26,GoPro GoPro Max,GoPro,28.362913,75.586304,255.79,2022:08:13 7:45:20.00,204,2257,6.65360064,E,88.08565521
gopro,205,GSAC0266.JPG,2022:08:13,13:15:28,2022:08:13 13:15:28,GoPro GoPro Max,GoPro,28.362915,75.586372,255.85,2022:08:13 7:45:22.00,205,2258,6.625192617,SE,127.148056
gopro,206,GSAC0267.JPG,2022:08:13,13:15:30,2022:08:13 13:15:30,GoPro GoPro Max,GoPro,28.362879,75.586426,255.16,2022:08:13 7:45:24.00,206,2259,7.56573676,S,162.7050171
gopro,207,GSAC0268.JPG,2022:08:13,13:15:32,2022:08:13 13:15:32,GoPro GoPro Max,GoPro,28.362814,75.586449,254.65,2022:08:13 7:45:26.00,207,2260,8.941152058,S,160.8452454
gopro,208,GSAC0269.JPG,2022:08:13,13:15:34,2022:08:13 13:15:34,GoPro GoPro Max,GoPro,28.362738,75.586479,254.97,2022:08:13 7:45:28.00,208,2261,11.6656209,S,168.8832703
gopro,209,GSAC0270.JPG,2022:08:13,13:15:36,2022:08:13 13:15:36,GoPro GoPro Max,GoPro,28.362635,75.586502,254.12,2022:08:13 7:45:30.00,209,2262,13.78462184,S,167.2953949
gopro,210,GSAC0271.JPG,2022:08:13,13:15:38,2022:08:13 13:15:38,GoPro GoPro Max,GoPro,28.362514,75.586533,253.61,2022:08:13 7:45:32.00,210,2263,15.59663209,S,172.0711823
gopro,211,GSAC0272.JPG,2022:08:13,13:15:40,2022:08:13 13:15:40,GoPro GoPro Max,GoPro,28.362375,75.586555,254,2022:08:13 7:45:34.00,211,2264,16.7109267,S,172.2646942
gopro,212,GSAC0273.JPG,2022:08:13,13:15:42,2022:08:13 13:15:42,GoPro GoPro Max,GoPro,28.362226,75.586578,253.79,2022:08:13 7:45:36.00,212,2265,16.94341619,S,169.6928864
gopro,213,GSAC0274.JPG,2022:08:13,13:15:44,2022:08:13 13:15:44,GoPro GoPro Max,GoPro,28.362076,75.586609,253.72,2022:08:13 7:45:38.00,213,2266,16.81675263,S,169.9529419
gopro,214,GSAC0275.JPG,2022:08:13,13:15:46,2022:08:13 13:15:46,GoPro GoPro Max,GoPro,28.361927,75.586639,255.36,2022:08:13 7:45:40.00,214,2267,14.97957553,S,168.3237152
gopro,215,GSAC0276.JPG,2022:08:13,13:15:48,2022:08:13 13:15:48,GoPro GoPro Max,GoPro,28.361795,75.58667,255.89,2022:08:13 7:45:42.00,215,2268,15.02338239,S,177.0149536
gopro,216,GSAC0277.JPG,2022:08:13,13:15:50,2022:08:13 13:15:50,GoPro GoPro Max,GoPro,28.36166,75.586678,255.38,2022:08:13 7:45:44.00,216,2269,14.8265266,S,171.6564178
gopro,217,GSAC0278.JPG,2022:08:13,13:15:52,2022:08:13 13:15:52,GoPro GoPro Max,GoPro,28.361528,75.5867,254.97,2022:08:13 7:45:46.00,217,2270,15.17066604,S,171.4736938
gopro,218,GSAC0279.JPG,2022:08:13,13:15:54,2022:08:13 13:15:54,GoPro GoPro Max,GoPro,28.361393,75.586723,255.65,2022:08:13 7:45:48.00,218,2271,15.30622808,S,168.5762329
gopro,219,GSAC0280.JPG,2022:08:13,13:15:56,2022:08:13 13:15:56,GoPro GoPro Max,GoPro,28.361258,75.586754,255.48,2022:08:13 7:45:50.00,219,2272,15.99631183,S,166.5666351
gopro,220,GSAC0281.JPG,2022:08:13,13:15:58,2022:08:13 13:15:58,GoPro GoPro Max,GoPro,28.361118,75.586792,255.27,2022:08:13 7:45:52.00,220,2273,15.83040634,S,171.8314819
gopro,221,GSAC0282.JPG,2022:08:13,13:16:00,2022:08:13 13:16:00,GoPro GoPro Max,GoPro,28.360977,75.586815,255.27,2022:08:13 7:45:54.00,221,2274,16.53728187,S,167.013855
gopro,222,GSAC0283.JPG,2022:08:13,13:16:02,2022:08:13 13:16:02,GoPro GoPro Max,GoPro,28.360832,75.586853,254.51,2022:08:13 7:45:56.00,222,2275,15.8304072,S,171.8314514
gopro,223,GSAC0284.JPG,2022:08:13,13:16:04,2022:08:13 13:16:04,GoPro GoPro Max,GoPro,28.360691,75.586876,253.81,2022:08:13 7:45:58.00,223,2276,13.63011552,S,164.1782379
gopro,224,GSAC0285.JPG,2022:08:13,13:16:06,2022:08:13 13:16:06,GoPro GoPro Max,GoPro,28.360573,75.586914,253.29,2022:08:13 7:46:0.00,224,2277,11.09955976,S,172.4055634
gopro,225,GSAC0286.JPG,2022:08:13,13:16:08,2022:08:13 13:16:08,GoPro GoPro Max,GoPro,28.360474,75.586929,251.29,2022:08:13 7:46:2.00,225,2278,10.1236512,S,171.1087036
gopro,226,GSAC0287.JPG,2022:08:13,13:16:10,2022:08:13 13:16:10,GoPro GoPro Max,GoPro,28.360384,75.586945,251.37,2022:08:13 7:46:4.00,226,2279,9.368476141,SE,140.4492493
gopro,227,GSAC0300.JPG,2022:08:13,13:16:36,2022:08:13 13:16:36,GoPro GoPro Max,GoPro,28.360474,75.588387,252.49,2022:08:13 7:46:30.00,227,2292,8.823586469,S,165.8871002
gopro,228,GSAC0301.JPG,2022:08:13,13:16:38,2022:08:13 13:16:38,GoPro GoPro Max,GoPro,28.360397,75.588409,252.62,2022:08:13 7:46:32.00,228,2293,7.125697636,SW,226.6676025
gopro,229,GSAC0302.JPG,2022:08:13,13:16:40,2022:08:13 13:16:40,GoPro GoPro Max,GoPro,28.360353,75.588356,252.49,2022:08:13 7:46:34.00,229,2294,6.838745097,W,279.352356
gopro,230,GSAC0303.JPG,2022:08:13,13:16:42,2022:08:13 13:16:42,GoPro GoPro Max,GoPro,28.360363,75.588287,251.82,2022:08:13 7:46:36.00,230,2295,7.183308877,NW,335.8940735
gopro,231,GSAC0304.JPG,2022:08:13,13:16:44,2022:08:13 13:16:44,GoPro GoPro Max,GoPro,28.360422,75.588257,251.54,2022:08:13 7:46:38.00,231,2296,8.740503609,N,14.91226768
gopro,232,GSAC0305.JPG,2022:08:13,13:16:46,2022:08:13 13:16:46,GoPro GoPro Max,GoPro,28.360498,75.58828,251.99,2022:08:13 7:46:40.00,232,2297,11.20972783,N,7.519366264
gopro,233,GSAC0306.JPG,2022:08:13,13:16:48,2022:08:13 13:16:48,GoPro GoPro Max,GoPro,28.360598,75.588295,252.24,2022:08:13 7:46:42.00,233,2298,12.31236307,N,353.1574097
gopro,234,GSAC0307.JPG,2022:08:13,13:16:50,2022:08:13 13:16:50,GoPro GoPro Max,GoPro,28.360708,75.58828,253.04,2022:08:13 7:46:44.00,234,2299,13.74357198,N,350.5805969
gopro,235,GSAC0308.JPG,2022:08:13,13:16:52,2022:08:13 13:16:52,GoPro GoPro Max,GoPro,28.36083,75.588257,252.79,2022:08:13 7:46:46.00,235,2300,14.07942452,N,354.0195923
gopro,236,GSAC0309.JPG,2022:08:13,13:16:54,2022:08:13 13:16:54,GoPro GoPro Max,GoPro,28.360956,75.588242,253.34,2022:08:13 7:46:48.00,236,2301,13.96288829,N,350.7298889
gopro,237,GSAC0310.JPG,2022:08:13,13:16:56,2022:08:13 13:16:56,GoPro GoPro Max,GoPro,28.36108,75.588219,253.84,2022:08:13 7:46:50.00,237,2302,15.41517646,N,348.65802
gopro,238,GSAC0311.JPG,2022:08:13,13:16:58,2022:08:13 13:16:58,GoPro GoPro Max,GoPro,28.361216,75.588188,253.79,2022:08:13 7:46:52.00,238,2303,15.83040562,N,351.8314819
gopro,239,GSAC0312.JPG,2022:08:13,13:17:00,2022:08:13 13:17:00,GoPro GoPro Max,GoPro,28.361357,75.588165,254.44,2022:08:13 7:46:54.00,239,2304,14.51157256,N,351.0833435
gopro,240,GSAC0313.JPG,2022:08:13,13:17:02,2022:08:13 13:17:02,GoPro GoPro Max,GoPro,28.361486,75.588142,256.44,2022:08:13 7:46:56.00,240,2305,14.96009213,N,348.6904602
gopro,241,GSAC0314.JPG,2022:08:13,13:17:04,2022:08:13 13:17:04,GoPro GoPro Max,GoPro,28.361618,75.588112,257.86,2022:08:13 7:46:58.00,241,2306,15.83040441,N,351.8315125
gopro,242,GSAC0315.JPG,2022:08:13,13:17:06,2022:08:13 13:17:06,GoPro GoPro Max,GoPro,28.361759,75.588089,257.57,2022:08:13 7:47:0.00,242,2307,15.28057884,N,351.5354919
gopro,243,GSAC0316.JPG,2022:08:13,13:17:08,2022:08:13 13:17:08,GoPro GoPro Max,GoPro,28.361895,75.588066,257.31,2022:08:13 7:47:2.00,243,2308,15.28715579,N,348.9355774
gopro,244,GSAC0317.JPG,2022:08:13,13:17:10,2022:08:13 13:17:10,GoPro GoPro Max,GoPro,28.36203,75.588036,257.11,2022:08:13 7:47:4.00,244,2309,14.7619755,N,348.1491394
gopro,245,GSAC0318.JPG,2022:08:13,13:17:12,2022:08:13 13:17:12,GoPro GoPro Max,GoPro,28.36216,75.588005,257.93,2022:08:13 7:47:6.00,245,2310,15.61042306,N,351.7156677
gopro,246,GSAC0319.JPG,2022:08:13,13:17:14,2022:08:13 13:17:14,GoPro GoPro Max,GoPro,28.362299,75.587982,258.17,2022:08:13 7:47:8.00,246,2311,14.95088935,N,351.3474731
gopro,247,GSAC0320.JPG,2022:08:13,13:17:16,2022:08:13 13:17:16,GoPro GoPro Max,GoPro,28.362432,75.587959,259.68,2022:08:13 7:47:10.00,247,2312,15.0607667,N,351.4110718
gopro,248,GSAC0321.JPG,2022:08:13,13:17:18,2022:08:13 13:17:18,GoPro GoPro Max,GoPro,28.362566,75.587936,258.82,2022:08:13 7:47:12.00,248,2313,14.82652354,N,351.6564941
gopro,249,GSAC0322.JPG,2022:08:13,13:17:20,2022:08:13 13:17:20,GoPro GoPro Max,GoPro,28.362698,75.587914,259.75,2022:08:13 7:47:14.00,249,2314,12.76545396,N,352.9594727
gopro,250,GSAC0323.JPG,2022:08:13,13:17:22,2022:08:13 13:17:22,GoPro GoPro Max,GoPro,28.362812,75.587898,259.85,2022:08:13 7:47:16.00,250,2315,10.46874522,N,347.5931702
gopro,251,GSAC0324.JPG,2022:08:13,13:17:24,2022:08:13 13:17:24,GoPro GoPro Max,GoPro,28.362904,75.587875,259.51,2022:08:13 7:47:18.00,251,2316,7.153414932,N,348.1669312
gopro,252,GSAC0325.JPG,2022:08:13,13:17:26,2022:08:13 13:17:26,GoPro GoPro Max,GoPro,28.362967,75.58786,260.05,2022:08:13 7:47:20.00,252,2317,9.559547219,N,351.1732483
gopro,253,GSAC0326.JPG,2022:08:13,13:17:28,2022:08:13 13:17:28,GoPro GoPro Max,GoPro,28.363052,75.587845,259.08,2022:08:13 7:47:22.00,253,2318,11.20972321,N,352.4808044
gopro,254,GSAC0327.JPG,2022:08:13,13:17:30,2022:08:13 13:17:30,GoPro GoPro Max,GoPro,28.363152,75.58783,257.53,2022:08:13 7:47:24.00,254,2319,11.22446518,N,0
gopro,255,GSAC0328.JPG,2022:08:13,13:17:32,2022:08:13 13:17:32,GoPro GoPro Max,GoPro,28.363253,75.58783,257.06,2022:08:13 7:47:26.00,255,2320,10.80828306,N,355.8491211
gopro,256,GSAC0329.JPG,2022:08:13,13:17:34,2022:08:13 13:17:34,GoPro GoPro Max,GoPro,28.36335,75.587822,256.97,2022:08:13 7:47:28.00,256,2321,9.841489046,N,337.8152161
gopro,257,GSAC0330.JPG,2022:08:13,13:17:36,2022:08:13 13:17:36,GoPro GoPro Max,GoPro,28.363432,75.587784,256.55,2022:08:13 7:47:30.00,257,2322,10.38220366,NW,319.4641113
gopro,258,GSAC0331.JPG,2022:08:13,13:17:38,2022:08:13 13:17:38,GoPro GoPro Max,GoPro,28.363503,75.587715,255.93,2022:08:13 7:47:32.00,258,2323,4.276659014,NW,316.6862793
gopro,259,GSAC0334.JPG,2022:08:13,13:17:44,2022:08:13 13:17:44,GoPro GoPro Max,GoPro,28.363535,75.587685,255.14,2022:08:13 7:47:38.00,259,2326,0.813296167,W,254.139801
gopro,260,GSAC0339.JPG,2022:08:13,13:17:54,2022:08:13 13:17:54,GoPro GoPro Max,GoPro,28.363541,75.587677,253.85,2022:08:13 7:47:48.00,260,2331,0.81329611,W,285.860199
gopro,261,GSAC0340.JPG,2022:08:13,13:17:56,2022:08:13 13:17:56,GoPro GoPro Max,GoPro,28.363543,75.587669,253.67,2022:08:13 7:47:50.00,261,2332,2.220499841,NW,318.6538086
gopro,262,GSAC0341.JPG,2022:08:13,13:17:58,2022:08:13 13:17:58,GoPro GoPro Max,GoPro,28.363558,75.587654,253.6,2022:08:13 7:47:52.00,262,2333,6.677457422,NW,296.7027893
gopro,263,GSAC0342.JPG,2022:08:13,13:18:00,2022:08:13 13:18:00,GoPro GoPro Max,GoPro,28.363585,75.587593,253.63,2022:08:13 7:47:54.00,263,2334,9.668014679,NW,293.0060425
gopro,264,GSAC0343.JPG,2022:08:13,13:18:02,2022:08:13 13:18:02,GoPro GoPro Max,GoPro,28.363619,75.587502,253.62,2022:08:13 7:47:56.00,264,2335,10.13556592,NW,297.4204712
gopro,265,GSAC0344.JPG,2022:08:13,13:18:04,2022:08:13 13:18:04,GoPro GoPro Max,GoPro,28.363661,75.58741,253.28,2022:08:13 7:47:58.00,265,2336,10.75341882,NW,303.2120361
gopro,266,GSAC0345.JPG,2022:08:13,13:18:06,2022:08:13 13:18:06,GoPro GoPro Max,GoPro,28.363714,75.587318,252.96,2022:08:13 7:48:0.00,266,2337,10.74781711,NW,295.7397156
gopro,267,GSAC0346.JPG,2022:08:13,13:18:08,2022:08:13 13:18:08,GoPro GoPro Max,GoPro,28.363756,75.587219,252.97,2022:08:13 7:48:2.00,267,2338,11.30720235,W,279.6183777
gopro,268,GSAC0347.JPG,2022:08:13,13:18:10,2022:08:13 13:18:10,GoPro GoPro Max,GoPro,28.363773,75.587105,252.92,2022:08:13 7:48:4.00,268,2339,11.97243626,W,265.2078247
gopro,269,GSAC0348.JPG,2022:08:13,13:18:12,2022:08:13 13:18:12,GoPro GoPro Max,GoPro,28.363764,75.586983,253.05,2022:08:13 7:48:6.00,269,2340,11.7619068,W,252.9679871
gopro,270,GSAC0349.JPG,2022:08:13,13:18:14,2022:08:13 13:18:14,GoPro GoPro Max,GoPro,28.363733,75.586868,252.64,2022:08:13 7:48:8.00,270,2341,10.79600166,SW,235.5166779
gopro,271,GSAC0350.JPG,2022:08:13,13:18:16,2022:08:13 13:18:16,GoPro GoPro Max,GoPro,28.363678,75.586777,252.29,2022:08:13 7:48:10.00,271,2342,11.69938914,SW,215.2223511
gopro,272,GSAC0351.JPG,2022:08:13,13:18:18,2022:08:13 13:18:18,GoPro GoPro Max,GoPro,28.363592,75.586708,252.1,2022:08:13 7:48:12.00,272,2343,12.26881511,SW,222.0319214
gopro,273,GSAC0352.JPG,2022:08:13,13:18:20,2022:08:13 13:18:20,GoPro GoPro Max,GoPro,28.36351,75.586624,251.87,2022:08:13 7:48:14.00,273,2344,11.81995762,SW,228.8408966
gopro,274,GSAC0353.JPG,2022:08:13,13:18:22,2022:08:13 13:18:22,GoPro GoPro Max,GoPro,28.36344,75.586533,251.68,2022:08:13 7:48:16.00,274,2345,10.21430536,SW,221.3462372
gopro,275,GSAC0354.JPG,2022:08:13,13:18:24,2022:08:13 13:18:24,GoPro GoPro Max,GoPro,28.363371,75.586464,251.16,2022:08:13 7:48:18.00,275,2346,10.96703699,SW,204.2160034
gopro,276,GSAC0355.JPG,2022:08:13,13:18:26,2022:08:13 13:18:26,GoPro GoPro Max,GoPro,28.363281,75.586418,250.83,2022:08:13 7:48:20.00,276,2347,10.33539863,S,180
gopro,277,GSAC0356.JPG,2022:08:13,13:18:28,2022:08:13 13:18:28,GoPro GoPro Max,GoPro,28.363188,75.586418,250.53,2022:08:13 7:48:22.00,277,2348,8.925020196,S,174.9711914
gopro,278,GSAC0357.JPG,2022:08:13,13:18:30,2022:08:13 13:18:30,GoPro GoPro Max,GoPro,28.363108,75.586426,250.35,2022:08:13 7:48:24.00,278,2349,7.698693339,S,174.8986816
gopro,279,GSAC0358.JPG,2022:08:13,13:18:32,2022:08:13 13:18:32,GoPro GoPro Max,GoPro,28.363039,75.586433,250.6,2022:08:13 7:48:26.00,279,2350,6.556865798,S,180
gopro,280,GSAC0359.JPG,2022:08:13,13:18:34,2022:08:13 13:18:34,GoPro GoPro Max,GoPro,28.36298,75.586433,250.52,2022:08:13 7:48:28.00,280,2351,5.751911051,S,201.9648743
gopro,281,GSAC0360.JPG,2022:08:13,13:18:36,2022:08:13 13:18:36,GoPro GoPro Max,GoPro,28.362932,75.586411,250.47,2022:08:13 7:48:30.00,281,2352,5.322723561,W,262.8034058
gopro,282,GSAC0373.JPG,2022:08:13,13:19:02,2022:08:13 13:19:02,GoPro GoPro Max,GoPro,28.363298,75.586342,251.32,2022:08:13 7:48:56.00,282,2365,7.123046349,NW,334.8114929
gopro,283,GSAC0374.JPG,2022:08:13,13:19:04,2022:08:13 13:19:04,GoPro GoPro Max,GoPro,28.363356,75.586311,251.69,2022:08:13 7:48:58.00,283,2366,5.721538105,N,7.858975887
gopro,284,GSAC0375.JPG,2022:08:13,13:19:06,2022:08:13 13:19:06,GoPro GoPro Max,GoPro,28.363407,75.586319,251.84,2022:08:13 7:49:0.00,284,2367,6.10328614,NE,58.12591553
gopro,285,GSAC0376.JPG,2022:08:13,13:19:08,2022:08:13 13:19:08,GoPro GoPro Max,GoPro,28.363436,75.586372,252.14,2022:08:13 7:49:2.00,285,2368,5.981850801,E,85.73821259
gopro,286,GSAC0377.JPG,2022:08:13,13:19:10,2022:08:13 13:19:10,GoPro GoPro Max,GoPro,28.36344,75.586433,252.4,2022:08:13 7:49:4.00,286,2369,7.712295919,E,77.51709747
gopro,287,GSAC0378.JPG,2022:08:13,13:19:12,2022:08:13 13:19:12,GoPro GoPro Max,GoPro,28.363455,75.58651,252.59,2022:08:13 7:49:6.00,287,2370,6.728134226,NE,62.45173264
gopro,288,GSAC0379.JPG,2022:08:13,13:19:14,2022:08:13 13:19:14,GoPro GoPro Max,GoPro,28.363483,75.586571,252.84,2022:08:13 7:49:8.00,288,2371,7.730845969,NE,28.73007202
gopro,289,GSAC0380.JPG,2022:08:13,13:19:16,2022:08:13 13:19:16,GoPro GoPro Max,GoPro,28.363544,75.586609,252.97,2022:08:13 7:49:10.00,289,2372,9.785338794,N,17.44626999
gopro,290,GSAC0381.JPG,2022:08:13,13:19:18,2022:08:13 13:19:18,GoPro GoPro Max,GoPro,28.363628,75.586639,253.38,2022:08:13 7:49:12.00,290,2373,11.26631785,NE,31.97037125
gopro,291,GSAC0382.JPG,2022:08:13,13:19:20,2022:08:13 13:19:20,GoPro GoPro Max,GoPro,28.363714,75.5867,253.72,2022:08:13 7:49:14.00,291,2374,9.564889126,NE,44.86655045
gopro,292,GSAC0383.JPG,2022:08:13,13:19:22,2022:08:13 13:19:22,GoPro GoPro Max,GoPro,28.363775,75.586769,253.98,2022:08:13 7:49:16.00,292,2375,7.960195492,NE,57.95920563
gopro,293,GSAC0384.JPG,2022:08:13,13:19:24,2022:08:13 13:19:24,GoPro GoPro Max,GoPro,28.363813,75.586838,253.53,2022:08:13 7:49:18.00,293,2376,7.206897633,NE,67.32457733
gopro,294,GSAC0385.JPG,2022:08:13,13:19:26,2022:08:13 13:19:26,GoPro GoPro Max,GoPro,28.363838,75.586906,253.72,2022:08:13 7:49:20.00,294,2377,6.112540012,E,77.39817047
gopro,295,GSAC0386.JPG,2022:08:13,13:19:28,2022:08:13 13:19:28,GoPro GoPro Max,GoPro,28.36385,75.586967,254.66,2022:08:13 7:49:22.00,295,2378,6.755851621,E,87.17131805
gopro,296,GSAC0387.JPG,2022:08:13,13:19:30,2022:08:13 13:19:30,GoPro GoPro Max,GoPro,28.363853,75.587036,255.65,2022:08:13 7:49:24.00,296,2379,9.682005562,E,90.6576767
gopro,297,GSAC0388.JPG,2022:08:13,13:19:32,2022:08:13 13:19:32,GoPro GoPro Max,GoPro,28.363852,75.587135,255.06,2022:08:13 7:49:26.00,297,2380,11.46357422,E,101.1798553
gopro,298,GSAC0389.JPG,2022:08:13,13:19:34,2022:08:13 13:19:34,GoPro GoPro Max,GoPro,28.363832,75.58725,254.49,2022:08:13 7:49:28.00,298,2381,11.79588682,SE,117.4934158
gopro,299,GSAC0390.JPG,2022:08:13,13:19:36,2022:08:13 13:19:36,GoPro GoPro Max,GoPro,28.363783,75.587357,254.08,2022:08:13 7:49:30.00,299,2382,11.16733345,SE,138.2771912
gopro,300,GSAC0391.JPG,2022:08:13,13:19:38,2022:08:13 13:19:38,GoPro GoPro Max,GoPro,28.363708,75.587433,253.86,2022:08:13 7:49:32.00,300,2383,9.03002797,SE,138.6538391
gopro,301,GSAC0392.JPG,2022:08:13,13:19:40,2022:08:13 13:19:40,GoPro GoPro Max,GoPro,28.363647,75.587494,253.65,2022:08:13 7:49:34.00,301,2384,8.239191598,SE,115.5709229
gopro,302,GSAC0393.JPG,2022:08:13,13:19:42,2022:08:13 13:19:42,GoPro GoPro Max,GoPro,28.363615,75.58757,253.69,2022:08:13 7:49:36.00,302,2385,7.485165381,E,83.1784668
gopro,303,GSAC0394.JPG,2022:08:13,13:19:44,2022:08:13 13:19:44,GoPro GoPro Max,GoPro,28.363623,75.587646,253.77,2022:08:13 7:49:38.00,303,2386,8.539602353,E,74.13978577
gopro,304,GSAC0395.JPG,2022:08:13,13:19:46,2022:08:13 13:19:46,GoPro GoPro Max,GoPro,28.363644,75.58773,253.81,2022:08:13 7:49:40.00,304,2387,7.55943354,E,95.0605011
gopro,305,GSAC0396.JPG,2022:08:13,13:19:48,2022:08:13 13:19:48,GoPro GoPro Max,GoPro,28.363638,75.587807,254.01,2022:08:13 7:49:42.00,305,2388,6.501163934,SE,145.1378784
gopro,306,GSAC0397.JPG,2022:08:13,13:19:50,2022:08:13 13:19:50,GoPro GoPro Max,GoPro,28.36359,75.587845,253.96,2022:08:13 7:49:44.00,306,2389,6.427614587,SW,208.1410828
gopro,307,GSAC0398.JPG,2022:08:13,13:19:52,2022:08:13 13:19:52,GoPro GoPro Max,GoPro,28.363539,75.587814,253.48,2022:08:13 7:49:46.00,307,2390,6.067942504,W,259.4468079
gopro,308,GSAC0399.JPG,2022:08:13,13:19:54,2022:08:13 13:19:54,GoPro GoPro Max,GoPro,28.363529,75.587753,252.97,2022:08:13 7:49:48.00,308,2391,7.12140149,NW,303.1062927
gopro,309,GSAC0403.JPG,2022:08:13,13:20:02,2022:08:13 13:20:02,GoPro GoPro Max,GoPro,28.363665,75.587807,254.01,2022:08:13 7:49:56.00,309,2395,9.146128202,E,76.6519165
gopro,310,GSAC0404.JPG,2022:08:13,13:20:04,2022:08:13 13:20:04,GoPro GoPro Max,GoPro,28.363684,75.587898,254.06,2022:08:13 7:49:58.00,310,2396,10.67463946,E,78.59117126
gopro,311,GSAC0405.JPG,2022:08:13,13:20:06,2022:08:13 13:20:06,GoPro GoPro Max,GoPro,28.363703,75.588005,254.92,2022:08:13 7:50:0.00,311,2397,10.77138744,E,76.27267456
gopro,312,GSAC0406.JPG,2022:08:13,13:20:08,2022:08:13 13:20:08,GoPro GoPro Max,GoPro,28.363726,75.588112,254.4,2022:08:13 7:50:2.00,312,2398,9.7582539,E,82.80335236
gopro,313,GSAC0407.JPG,2022:08:13,13:20:10,2022:08:13 13:20:10,GoPro GoPro Max,GoPro,28.363737,75.588211,254.04,2022:08:13 7:50:4.00,313,2399,8.214502769,E,90
gopro,314,GSAC0408.JPG,2022:08:13,13:20:12,2022:08:13 13:20:12,GoPro GoPro Max,GoPro,28.363737,75.588295,255.96,2022:08:13 7:50:6.00,314,2400,8.214502769,E,90
gopro,315,GSAC0409.JPG,2022:08:13,13:20:14,2022:08:13 13:20:14,GoPro GoPro Max,GoPro,28.363737,75.588379,256.32,2022:08:13 7:50:8.00,315,2401,8.998415167,E,81.47714996
gopro,316,GSAC0410.JPG,2022:08:13,13:20:16,2022:08:13 13:20:16,GoPro GoPro Max,GoPro,28.363749,75.58847,256.22,2022:08:13 7:50:10.00,316,2402,10.26230969,E,72.34892273
gopro,317,GSAC0411.JPG,2022:08:13,13:20:18,2022:08:13 13:20:18,GoPro GoPro Max,GoPro,28.363777,75.58857,255.9,2022:08:13 7:50:12.00,317,2403,6.780232955,NE,61.61898804
gopro,318,GSAC0412.JPG,2022:08:13,13:20:20,2022:08:13 13:20:20,GoPro GoPro Max,GoPro,28.363806,75.588631,255.74,2022:08:13 7:50:14.00,318,2404,6.77993275,NE,25.63969994
gopro,319,GSAC0413.JPG,2022:08:13,13:20:22,2022:08:13 13:20:22,GoPro GoPro Max,GoPro,28.363861,75.588661,255.88,2022:08:13 7:50:16.00,319,2405,9.146451547,N,4.906731129
gopro,320,GSAC0414.JPG,2022:08:13,13:20:24,2022:08:13 13:20:24,GoPro GoPro Max,GoPro,28.363943,75.588669,255.89,2022:08:13 7:50:18.00,320,2406,13.24311422,N,346.7668457
gopro,321,GSAC0415.JPG,2022:08:13,13:20:26,2022:08:13 13:20:26,GoPro GoPro Max,GoPro,28.364059,75.588638,256.3,2022:08:13 7:50:20.00,321,2407,13.7478782,N,353.875
gopro,322,GSAC0416.JPG,2022:08:13,13:20:28,2022:08:13 13:20:28,GoPro GoPro Max,GoPro,28.364182,75.588623,256.77,2022:08:13 7:50:22.00,322,2408,13.74355993,N,350.5809021
gopro,323,GSAC0417.JPG,2022:08:13,13:20:30,2022:08:13 13:20:30,GoPro GoPro Max,GoPro,28.364304,75.5886,257.25,2022:08:13 7:50:24.00,323,2409,15.39050242,N,351.5965881
gopro,324,GSAC0418.JPG,2022:08:13,13:20:32,2022:08:13 13:20:32,GoPro GoPro Max,GoPro,28.364441,75.588577,256.89,2022:08:13 7:50:26.00,324,2410,15.50533628,N,349.0934448
gopro,325,GSAC0419.JPG,2022:08:13,13:20:34,2022:08:13 13:20:34,GoPro GoPro Max,GoPro,28.364578,75.588547,257.43,2022:08:13 7:50:28.00,325,2411,14.18228512,N,350.8748474
gopro,326,GSAC0420.JPG,2022:08:13,13:20:36,2022:08:13 13:20:36,GoPro GoPro Max,GoPro,28.364704,75.588524,256.43,2022:08:13 7:50:30.00,326,2412,13.30521703,N,350.2676697
gopro,327,GSAC0421.JPG,2022:08:13,13:20:38,2022:08:13 13:20:38,GoPro GoPro Max,GoPro,28.364822,75.588501,256.81,2022:08:13 7:50:32.00,327,2413,13.41476367,N,350.3479309
gopro,328,GSAC0422.JPG,2022:08:13,13:20:40,2022:08:13 13:20:40,GoPro GoPro Max,GoPro,28.364941,75.588478,258.54,2022:08:13 7:50:34.00,328,2414,15.61041457,N,351.7158813
gopro,329,GSAC0423.JPG,2022:08:13,13:20:42,2022:08:13 13:20:42,GoPro GoPro Max,GoPro,28.36508,75.588455,258.17,2022:08:13 7:50:36.00,329,2415,17.04134396,N,352.4157715
gopro,330,GSAC0424.JPG,2022:08:13,13:20:44,2022:08:13 13:20:44,GoPro GoPro Max,GoPro,28.365232,75.588432,258.29,2022:08:13 7:50:38.00,330,2416,17.15151092,N,352.4647827
gopro,331,GSAC0425.JPG,2022:08:13,13:20:46,2022:08:13 13:20:46,GoPro GoPro Max,GoPro,28.365385,75.588409,258.54,2022:08:13 7:50:40.00,331,2417,16.03702475,N,352.2904663
gopro,332,GSAC0426.JPG,2022:08:13,13:20:48,2022:08:13 13:20:48,GoPro GoPro Max,GoPro,28.365528,75.588387,257.27,2022:08:13 7:50:42.00,332,2418,14.11003114,N,347.5934753
gopro,333,GSAC0427.JPG,2022:08:13,13:20:50,2022:08:13 13:20:50,GoPro GoPro Max,GoPro,28.365652,75.588356,256.07,2022:08:13 7:50:44.00,333,2419,10.03254707,N,355.5276489
gopro,334,GSAC0428.JPG,2022:08:13,13:20:52,2022:08:13 13:20:52,GoPro GoPro Max,GoPro,28.365742,75.588348,254.11,2022:08:13 7:50:46.00,334,2420,9.692800458,N,355.9502563
gopro,335,GSAC0429.JPG,2022:08:13,13:20:54,2022:08:13 13:20:54,GoPro GoPro Max,GoPro,28.365829,75.588341,254.41,2022:08:13 7:50:48.00,335,2421,10.47578403,N,355.7172241
gopro,336,GSAC0430.JPG,2022:08:13,13:20:56,2022:08:13 13:20:56,GoPro GoPro Max,GoPro,28.365923,75.588333,254.2,2022:08:13 7:50:50.00,336,2422,10.25176601,N,347.3266296
gopro,337,GSAC0431.JPG,2022:08:13,13:20:58,2022:08:13 13:20:58,GoPro GoPro Max,GoPro,28.366013,75.58831,253.77,2022:08:13 7:50:52.00,337,2423,12.24381528,N,356.7950439
gopro,338,GSAC0432.JPG,2022:08:13,13:21:00,2022:08:13 13:21:00,GoPro GoPro Max,GoPro,28.366123,75.588303,253.13,2022:08:13 7:50:54.00,338,2424,13.30521194,N,350.2677917
gopro,339,GSAC0433.JPG,2022:08:13,13:21:02,2022:08:13 13:21:02,GoPro GoPro Max,GoPro,28.366241,75.58828,253.28,2022:08:13 7:50:56.00,339,2425,11.66560617,N,348.8836365
gopro,340,GSAC0434.JPG,2022:08:13,13:21:04,2022:08:13 13:21:04,GoPro GoPro Max,GoPro,28.366344,75.588257,253.29,2022:08:13 7:50:58.00,340,2426,11.20971726,N,352.4810486
gopro,341,GSAC0435.JPG,2022:08:13,13:21:06,2022:08:13 13:21:06,GoPro GoPro Max,GoPro,28.366444,75.588242,252.86,2022:08:13 7:51:0.00,341,2427,11.25169466,N,356.013092
gopro,342,GSAC0436.JPG,2022:08:13,13:21:08,2022:08:13 13:21:08,GoPro GoPro Max,GoPro,28.366545,75.588234,252.11,2022:08:13 7:51:2.00,342,2428,8.70362865,N,354.8431091
gopro,343,GSAC0437.JPG,2022:08:13,13:21:10,2022:08:13 13:21:10,GoPro GoPro Max,GoPro,28.366623,75.588226,252.15,2022:08:13 7:51:4.00,343,2429,4.497727777,N,351.2459717
gopro,344,GSAC0438.JPG,2022:08:13,13:21:12,2022:08:13 13:21:12,GoPro GoPro Max,GoPro,28.366663,75.588219,252.26,2022:08:13 7:51:6.00,344,2430,3.858668459,N,348.3026733
gopro,345,GSAC0439.JPG,2022:08:13,13:21:14,2022:08:13 13:21:14,GoPro GoPro Max,GoPro,28.366697,75.588211,252.63,2022:08:13 7:51:8.00,345,2431,1.546124231,NW,329.6033936
gopro,346,GSAC0476.JPG,2022:08:13,13:22:28,2022:08:13 13:22:28,GoPro GoPro Max,GoPro,28.365532,75.588463,244.96,2022:08:13 7:52:22.00,346,2468,8.33742155,SE,116.9492798
gopro,347,GSAC0477.JPG,2022:08:13,13:22:30,2022:08:13 13:22:30,GoPro GoPro Max,GoPro,28.365498,75.588539,245.89,2022:08:13 7:52:24.00,347,2469,8.741025141,SE,129.4718933
gopro,348,GSAC0478.JPG,2022:08:13,13:22:32,2022:08:13 13:22:32,GoPro GoPro Max,GoPro,28.365448,75.588608,245.91,2022:08:13 7:52:26.00,348,2470,7.386694719,SE,156.5991974
gopro,349,GSAC0479.JPG,2022:08:13,13:22:34,2022:08:13 13:22:34,GoPro GoPro Max,GoPro,28.365387,75.588638,246.05,2022:08:13 7:52:28.00,349,2471,6.931902779,S,198.9332886
gopro,350,GSAC0480.JPG,2022:08:13,13:22:36,2022:08:13 13:22:36,GoPro GoPro Max,GoPro,28.365328,75.588615,246.12,2022:08:13 7:52:30.00,350,2472,6.745282907,SW,220.7221069
gopro,351,GSAC0481.JPG,2022:08:13,13:22:38,2022:08:13 13:22:38,GoPro GoPro Max,GoPro,28.365282,75.58857,246.02,2022:08:13 7:52:32.00,351,2473,5.067721574,SW,242.5791779
gopro,352,GSAC0482.JPG,2022:08:13,13:22:40,2022:08:13 13:22:40,GoPro GoPro Max,GoPro,28.365261,75.588524,246.31,2022:08:13 7:52:34.00,352,2474,4.168718969,SW,243.0507813
gopro,353,GSAC0491.JPG,2022:08:13,13:22:58,2022:08:13 13:22:58,GoPro GoPro Max,GoPro,28.364927,75.588623,246.5,2022:08:13 7:52:52.00,353,2483,9.352791395,E,74.13959503
gopro,354,GSAC0492.JPG,2022:08:13,13:23:00,2022:08:13 13:23:00,GoPro GoPro Max,GoPro,28.36495,75.588715,247.41,2022:08:13 7:52:54.00,354,2484,12.20119277,E,77.90734863
gopro,355,GSAC0493.JPG,2022:08:13,13:23:02,2022:08:13 13:23:02,GoPro GoPro Max,GoPro,28.364973,75.588837,247.57,2022:08:13 7:52:56.00,355,2485,12.15656991,E,78.93173218
gopro,356,GSAC0494.JPG,2022:08:13,13:23:04,2022:08:13 13:23:04,GoPro GoPro Max,GoPro,28.364994,75.588959,247.65,2022:08:13 7:52:58.00,356,2486,13.52985801,E,81.97316742
gopro,357,GSAC0495.JPG,2022:08:13,13:23:06,2022:08:13 13:23:06,GoPro GoPro Max,GoPro,28.365011,75.589096,247.71,2022:08:13 7:53:0.00,357,2487,13.56267824,E,81.04335785
gopro,358,GSAC0496.JPG,2022:08:13,13:23:08,2022:08:13 13:23:08,GoPro GoPro Max,GoPro,28.36503,75.589233,248.22,2022:08:13 7:53:2.00,358,2488,13.65928244,E,81.10721588
gopro,359,GSAC0497.JPG,2022:08:13,13:23:10,2022:08:13 13:23:10,GoPro GoPro Max,GoPro,28.365049,75.589371,248.29,2022:08:13 7:53:4.00,359,2489,13.5626735,E,81.04335022
gopro,360,GSAC0498.JPG,2022:08:13,13:23:12,2022:08:13 13:23:12,GoPro GoPro Max,GoPro,28.365068,75.589508,248.5,2022:08:13 7:53:6.00,360,2490,12.86918322,E,81.05762482
gopro,361,GSAC0499.JPG,2022:08:13,13:23:14,2022:08:13 13:23:14,GoPro GoPro Max,GoPro,28.365086,75.589638,248.86,2022:08:13 7:53:8.00,361,2491,10.56284634,E,82.13872528
gopro,362,GSAC0500.JPG,2022:08:13,13:23:16,2022:08:13 13:23:16,GoPro GoPro Max,GoPro,28.365099,75.589745,249.22,2022:08:13 7:53:10.00,362,2492,4.422965853,E,95.76829529
gopro,363,GSAC0501.JPG,2022:08:13,13:23:18,2022:08:13 13:23:18,GoPro GoPro Max,GoPro,28.365095,75.58979,249.28,2022:08:13 7:53:12.00,363,2493,4.207831134,SE,147.6884613
gopro,364,GSAC0502.JPG,2022:08:13,13:23:20,2022:08:13 13:23:20,GoPro GoPro Max,GoPro,28.365063,75.589813,249.34,2022:08:13 7:53:14.00,364,2494,4.686876161,SW,208.6781616
gopro,365,GSAC0503.JPG,2022:08:13,13:23:22,2022:08:13 13:23:22,GoPro GoPro Max,GoPro,28.365026,75.58979,249.47,2022:08:13 7:53:16.00,365,2495,6.761188351,W,259.583252
gopro,366,GSAC0504.JPG,2022:08:13,13:23:24,2022:08:13 13:23:24,GoPro GoPro Max,GoPro,28.365015,75.589722,249.29,2022:08:13 7:53:18.00,366,2496,9.040550898,W,264.3562927
gopro,367,GSAC0505.JPG,2022:08:13,13:23:26,2022:08:13 13:23:26,GoPro GoPro Max,GoPro,28.365007,75.58963,248.93,2022:08:13 7:53:20.00,367,2497,12.88693492,W,260.569519
gopro,368,GSAC0506.JPG,2022:08:13,13:23:28,2022:08:13 13:23:28,GoPro GoPro Max,GoPro,28.364988,75.5895,248.49,2022:08:13 7:53:22.00,368,2498,12.79047827,W,260.4977417
gopro,369,GSAC0507.JPG,2022:08:13,13:23:30,2022:08:13 13:23:30,GoPro GoPro Max,GoPro,28.364969,75.589371,248.08,2022:08:13 7:53:24.00,369,2499,14.40817399,W,259.7814331
gopro,370,GSAC0508.JPG,2022:08:13,13:23:32,2022:08:13 13:23:32,GoPro GoPro Max,GoPro,28.364946,75.589226,247.81,2022:08:13 7:53:26.00,370,2500,13.6954154,W,260.1885071
gopro,371,GSAC0509.JPG,2022:08:13,13:23:34,2022:08:13 13:23:34,GoPro GoPro Max,GoPro,28.364925,75.589088,247.48,2022:08:13 7:53:28.00,371,2501,12.79048566,W,260.4977417
gopro,372,GSAC0510.JPG,2022:08:13,13:23:36,2022:08:13 13:23:36,GoPro GoPro Max,GoPro,28.364906,75.588959,247.08,2022:08:13 7:53:30.00,372,2502,11.33834298,W,262.6794739
gopro,373,GSAC0511.JPG,2022:08:13,13:23:38,2022:08:13 13:23:38,GoPro GoPro Max,GoPro,28.364893,75.588844,246.57,2022:08:13 7:53:32.00,373,2503,9.86389151,W,281.0422974
gopro,374,GSAC0512.JPG,2022:08:13,13:23:40,2022:08:13 13:23:40,GoPro GoPro Max,GoPro,28.36491,75.588745,246.44,2022:08:13 7:53:34.00,374,2504,7.435409805,W,271.7129822
gopro,375,GSAC0513.JPG,2022:08:13,13:23:42,2022:08:13 13:23:42,GoPro GoPro Max,GoPro,28.364912,75.588669,246.15,2022:08:13 7:53:36.00,375,2505,5.396367846,W,258.1154175
gopro,376,GSAC0528.JPG,2022:08:13,13:24:12,2022:08:13 13:24:12,GoPro GoPro Max,GoPro,28.363861,75.588715,246.14,2022:08:13 7:54:6.00,376,2520,3.621550208,S,169.1044769
gopro,377,GSAC0529.JPG,2022:08:13,13:24:14,2022:08:13 13:24:14,GoPro GoPro Max,GoPro,28.363829,75.588722,246.67,2022:08:13 7:54:8.00,377,2521,6.272445473,S,172.8350983
gopro,378,GSAC0530.JPG,2022:08:13,13:24:16,2022:08:13 13:24:16,GoPro GoPro Max,GoPro,28.363773,75.58873,246.99,2022:08:13 7:54:10.00,378,2522,8.252306505,S,175.2417603
gopro,379,GSAC0531.JPG,2022:08:13,13:24:18,2022:08:13 13:24:18,GoPro GoPro Max,GoPro,28.363699,75.588737,247.25,2022:08:13 7:54:12.00,379,2523,10.25415272,S,175.6244049
gopro,380,GSAC0532.JPG,2022:08:13,13:24:20,2022:08:13 13:24:20,GoPro GoPro Max,GoPro,28.363607,75.588745,247.11,2022:08:13 7:54:14.00,380,2524,11.0120793,S,168.2144318
gopro,381,GSAC0533.JPG,2022:08:13,13:24:22,2022:08:13 13:24:22,GoPro GoPro Max,GoPro,28.36351,75.588768,246.86,2022:08:13 7:54:16.00,381,2525,8.572565768,S,170.1474457
gopro,382,GSAC0534.JPG,2022:08:13,13:24:24,2022:08:13 13:24:24,GoPro GoPro Max,GoPro,28.363434,75.588783,246.79,2022:08:13 7:54:18.00,382,2526,7.35381278,S,162.1902618
gopro,383,GSAC0535.JPG,2022:08:13,13:24:26,2022:08:13 13:24:26,GoPro GoPro Max,GoPro,28.363371,75.588806,246.1,2022:08:13 7:54:20.00,383,2527,6.936020212,S,167.7904663
gopro,384,GSAC0536.JPG,2022:08:13,13:24:28,2022:08:13 13:24:28,GoPro GoPro Max,GoPro,28.36331,75.588821,246.29,2022:08:13 7:54:22.00,384,2528,4.542579885,SW,208.269104
gopro,385,GSAC0537.JPG,2022:08:13,13:24:30,2022:08:13 13:24:30,GoPro GoPro Max,GoPro,28.363274,75.588799,246.6,2022:08:13 7:54:24.00,385,2529,6.751316495,W,268.1133728
gopro,386,GSAC0538.JPG,2022:08:13,13:24:32,2022:08:13 13:24:32,GoPro GoPro Max,GoPro,28.363272,75.58873,246.46,2022:08:13 7:54:26.00,386,2530,8.214538761,W,270
gopro,387,GSAC0539.JPG,2022:08:13,13:24:34,2022:08:13 13:24:34,GoPro GoPro Max,GoPro,28.363272,75.588646,246.34,2022:08:13 7:54:28.00,387,2531,11.35321029,W,262.123291
gopro,388,GSAC0540.JPG,2022:08:13,13:24:36,2022:08:13 13:24:36,GoPro GoPro Max,GoPro,28.363258,75.588531,246.85,2022:08:13 7:54:30.00,388,2532,12.04653925,W,262.0458984
gopro,389,GSAC0541.JPG,2022:08:13,13:24:38,2022:08:13 13:24:38,GoPro GoPro Max,GoPro,28.363243,75.588409,247.05,2022:08:13 7:54:32.00,389,2533,12.67428138,W,264.4650574
gopro,390,GSAC0542.JPG,2022:08:13,13:24:40,2022:08:13 13:24:40,GoPro GoPro Max,GoPro,28.363232,75.58828,246.69,2022:08:13 7:54:34.00,390,2534,13.64277313,W,261.5684814
gopro,391,GSAC0543.JPG,2022:08:13,13:24:42,2022:08:13 13:24:42,GoPro GoPro Max,GoPro,28.363214,75.588142,246.62,2022:08:13 7:54:36.00,391,2535,10.49915536,W,260.8642273
gopro,392,GSAC0544.JPG,2022:08:13,13:24:44,2022:08:13 13:24:44,GoPro GoPro Max,GoPro,28.363199,75.588036,246.49,2022:08:13 7:54:38.00,392,2536,7.297265258,W,247.6207123
gopro,393,GSAC0545.JPG,2022:08:13,13:24:46,2022:08:13 13:24:46,GoPro GoPro Max,GoPro,28.363174,75.587967,246.04,2022:08:13 7:54:40.00,393,2537,6.045349376,SW,239.0204773
gopro,394,GSAC0546.JPG,2022:08:13,13:24:48,2022:08:13 13:24:48,GoPro GoPro Max,GoPro,28.363146,75.587914,246.21,2022:08:13 7:54:42.00,394,2538,4.50393099,W,267.1713257
gopro,395,GSAC0560.JPG,2022:08:13,13:25:16,2022:08:13 13:25:16,GoPro GoPro Max,GoPro,28.363319,75.588913,247.97,2022:08:13 7:55:10.00,395,2552,9.772834865,E,82.1569519
gopro,396,GSAC0561.JPG,2022:08:13,13:25:18,2022:08:13 13:25:18,GoPro GoPro Max,GoPro,28.363331,75.589012,247.8,2022:08:13 7:55:12.00,396,2553,6.015827349,E,82.57002258
gopro,397,GSAC0562.JPG,2022:08:13,13:25:20,2022:08:13 13:25:20,GoPro GoPro Max,GoPro,28.363338,75.589073,248.3,2022:08:13 7:55:14.00,397,2554,5.299448824,E,85.18820953
gopro,398,GSAC0563.JPG,2022:08:13,13:25:22,2022:08:13 13:25:22,GoPro GoPro Max,GoPro,28.363342,75.589127,248.24,2022:08:13 7:55:16.00,398,2555,9.805635668,E,80.87025452
gopro,399,GSAC0564.JPG,2022:08:13,13:25:24,2022:08:13 13:25:24,GoPro GoPro Max,GoPro,28.363356,75.589226,248.44,2022:08:13 7:55:18.00,399,2556,12.69763218,E,83.4667511
gopro,400,GSAC0565.JPG,2022:08:13,13:25:26,2022:08:13 13:25:26,GoPro GoPro Max,GoPro,28.363369,75.589355,248.82,2022:08:13 7:55:20.00,400,2557,12.88712625,E,80.569664
gopro,401,GSAC0566.JPG,2022:08:13,13:25:28,2022:08:13 13:25:28,GoPro GoPro Max,GoPro,28.363388,75.589485,249.05,2022:08:13 7:55:22.00,401,2558,12.85257654,E,81.54717255
gopro,402,GSAC0567.JPG,2022:08:13,13:25:30,2022:08:13 13:25:30,GoPro GoPro Max,GoPro,28.363405,75.589615,248.96,2022:08:13 7:55:24.00,402,2559,12.04652121,E,82.04587555
gopro,403,GSAC0568.JPG,2022:08:13,13:25:32,2022:08:13 13:25:32,GoPro GoPro Max,GoPro,28.36342,75.589737,249.25,2022:08:13 7:55:26.00,403,2560,10.61374867,E,80.35569763
gopro,404,GSAC0569.JPG,2022:08:13,13:25:34,2022:08:13 13:25:34,GoPro GoPro Max,GoPro,28.363436,75.589844,249.25,2022:08:13 7:55:28.00,404,2561,6.761285661,E,79.58341217
gopro,405,GSAC0570.JPG,2022:08:13,13:25:36,2022:08:13 13:25:36,GoPro GoPro Max,GoPro,28.363447,75.589912,249.59,2022:08:13 7:55:30.00,405,2562,0.782335736,E,90
gopro,406,GSAC0593.JPG,2022:08:13,13:26:22,2022:08:13 13:26:22,GoPro GoPro Max,GoPro,28.363375,75.588989,250.74,2022:08:13 7:56:16.00,406,2585,6.822823308,NE,26.38017273
gopro,407,GSAC0594.JPG,2022:08:13,13:26:24,2022:08:13 13:26:24,GoPro GoPro Max,GoPro,28.36343,75.58902,250.63,2022:08:13 7:56:18.00,407,2586,8.740487205,N,14.91186333
gopro,408,GSAC0595.JPG,2022:08:13,13:26:26,2022:08:13 13:26:26,GoPro GoPro Max,GoPro,28.363506,75.589043,250.72,2022:08:13 7:56:20.00,408,2587,10.5630593,N,351.4816284
gopro,409,GSAC0596.JPG,2022:08:13,13:26:28,2022:08:13 13:26:28,GoPro GoPro Max,GoPro,28.3636,75.589027,250.06,2022:08:13 7:56:22.00,409,2588,9.84148574,N,337.8152466
gopro,410,GSAC0597.JPG,2022:08:13,13:26:30,2022:08:13 13:26:30,GoPro GoPro Max,GoPro,28.363682,75.588989,249.66,2022:08:13 7:56:24.00,410,2589,8.135871931,NW,326.4329834
gopro,411,GSAC0598.JPG,2022:08:13,13:26:32,2022:08:13 13:26:32,GoPro GoPro Max,GoPro,28.363743,75.588943,249.74,2022:08:13 7:56:26.00,411,2590,6.828180229,NW,310.6191101
gopro,412,GSAC0599.JPG,2022:08:13,13:26:34,2022:08:13 13:26:34,GoPro GoPro Max,GoPro,28.363783,75.58889,249.9,2022:08:13 7:56:28.00,412,2591,6.327974659,W,289.4924316
gopro,413,GSAC0600.JPG,2022:08:13,13:26:36,2022:08:13 13:26:36,GoPro GoPro Max,GoPro,28.363802,75.588829,249.69,2022:08:13 7:56:30.00,413,2592,5.258657971,W,260.2664185
gopro,414,GSAC0601.JPG,2022:08:13,13:26:38,2022:08:13 13:26:38,GoPro GoPro Max,GoPro,28.363794,75.588776,249.52,2022:08:13 7:56:32.00,414,2593,4.922247689,SW,230.7890625
gopro,415,GSAC0609.JPG,2022:08:13,13:26:54,2022:08:13 13:26:54,GoPro GoPro Max,GoPro,28.36322,75.588814,247.66,2022:08:13 7:56:48.00,415,2601,6.824125493,S,186.5830231
gopro,416,GSAC0610.JPG,2022:08:13,13:26:56,2022:08:13 13:26:56,GoPro GoPro Max,GoPro,28.363159,75.588806,247.92,2022:08:13 7:56:50.00,416,2602,6.718946156,S,167.3895874
gopro,417,GSAC0611.JPG,2022:08:13,13:26:58,2022:08:13 13:26:58,GoPro GoPro Max,GoPro,28.3631,75.588821,248.16,2022:08:13 7:56:52.00,417,2603,8.153146637,S,168.9356842
gopro,418,GSAC0612.JPG,2022:08:13,13:27:00,2022:08:13 13:27:00,GoPro GoPro Max,GoPro,28.363028,75.588837,247.41,2022:08:13 7:56:54.00,418,2604,13.19570296,S,170.1859436
gopro,419,GSAC0613.JPG,2022:08:13,13:27:02,2022:08:13 13:27:02,GoPro GoPro Max,GoPro,28.362911,75.58886,246.99,2022:08:13 7:56:56.00,419,2605,13.72789935,S,170.9834442
gopro,420,GSAC0614.JPG,2022:08:13,13:27:04,2022:08:13 13:27:04,GoPro GoPro Max,GoPro,28.362789,75.588882,246.73,2022:08:13 7:56:58.00,420,2606,12.765454,S,172.9594574
gopro,421,GSAC0615.JPG,2022:08:13,13:27:06,2022:08:13 13:27:06,GoPro GoPro Max,GoPro,28.362675,75.588898,246.44,2022:08:13 7:57:0.00,421,2607,13.74356558,S,170.5807648
gopro,422,GSAC0616.JPG,2022:08:13,13:27:08,2022:08:13 13:27:08,GoPro GoPro Max,GoPro,28.362553,75.588921,246.59,2022:08:13 7:57:2.00,422,2608,13.72790048,S,170.9834137
gopro,423,GSAC0617.JPG,2022:08:13,13:27:10,2022:08:13 13:27:10,GoPro GoPro Max,GoPro,28.362431,75.588943,246.4,2022:08:13 7:57:4.00,423,2609,13.74356643,S,170.5807495
gopro,424,GSAC0618.JPG,2022:08:13,13:27:12,2022:08:13 13:27:12,GoPro GoPro Max,GoPro,28.362309,75.588966,245.65,2022:08:13 7:57:6.00,424,2610,13.96288409,S,170.7299957
gopro,425,GSAC0619.JPG,2022:08:13,13:27:14,2022:08:13 13:27:14,GoPro GoPro Max,GoPro,28.362185,75.588989,245.52,2022:08:13 7:57:8.00,425,2611,13.63394449,S,170.5042877
gopro,426,GSAC0620.JPG,2022:08:13,13:27:16,2022:08:13 13:27:16,GoPro GoPro Max,GoPro,28.362064,75.589012,245.55,2022:08:13 7:57:10.00,426,2612,13.52434677,S,170.4266052
gopro,427,GSAC0621.JPG,2022:08:13,13:27:18,2022:08:13 13:27:18,GoPro GoPro Max,GoPro,28.361944,75.589035,244.82,2022:08:13 7:57:12.00,427,2613,14.52161094,S,174.2023773
gopro,428,GSAC0622.JPG,2022:08:13,13:27:20,2022:08:13 13:27:20,GoPro GoPro Max,GoPro,28.361814,75.58905,245.35,2022:08:13 7:57:14.00,428,2614,13.74356857,S,170.5806885
gopro,429,GSAC0623.JPG,2022:08:13,13:27:22,2022:08:13 13:27:22,GoPro GoPro Max,GoPro,28.361692,75.589073,245.37,2022:08:13 7:57:16.00,429,2615,14.29203288,S,170.9452515
gopro,430,GSAC0624.JPG,2022:08:13,13:27:24,2022:08:13 13:27:24,GoPro GoPro Max,GoPro,28.361565,75.589096,245.44,2022:08:13 7:57:18.00,430,2616,14.40179235,S,171.0148163
gopro,431,GSAC0625.JPG,2022:08:13,13:27:26,2022:08:13 13:27:26,GoPro GoPro Max,GoPro,28.361437,75.589119,245.88,2022:08:13 7:57:20.00,431,2617,12.9767501,S,170.0185089
gopro,432,GSAC0626.JPG,2022:08:13,13:27:28,2022:08:13 13:27:28,GoPro GoPro Max,GoPro,28.361322,75.589142,245.8,2022:08:13 7:57:22.00,432,2618,12.75383903,S,173.3953857
gopro,433,GSAC0627.JPG,2022:08:13,13:27:30,2022:08:13 13:27:30,GoPro GoPro Max,GoPro,28.361208,75.589157,245.74,2022:08:13 7:57:24.00,433,2619,13.52434979,S,170.4265289
gopro,434,GSAC0628.JPG,2022:08:13,13:27:32,2022:08:13 13:27:32,GoPro GoPro Max,GoPro,28.361088,75.58918,245.76,2022:08:13 7:57:26.00,434,2620,12.7579072,S,169.845459
gopro,435,GSAC0629.JPG,2022:08:13,13:27:34,2022:08:13 13:27:34,GoPro GoPro Max,GoPro,28.360975,75.589203,244.87,2022:08:13 7:57:28.00,435,2621,12.10212359,S,169.2888794
gopro,436,GSAC0630.JPG,2022:08:13,13:27:36,2022:08:13 13:27:36,GoPro GoPro Max,GoPro,28.360868,75.589226,244.97,2022:08:13 7:57:30.00,436,2622,10.87928187,S,172.250885
gopro,437,GSAC0631.JPG,2022:08:13,13:27:38,2022:08:13 13:27:38,GoPro GoPro Max,GoPro,28.360771,75.589241,245.17,2022:08:13 7:57:32.00,437,2623,8.311727458,S,164.2991791
gopro,438,GSAC0632.JPG,2022:08:13,13:27:40,2022:08:13 13:27:40,GoPro GoPro Max,GoPro,28.360699,75.589264,244.84,2022:08:13 7:57:34.00,438,2624,6.826910072,S,160.7632904
gopro,439,GSAC0633.JPG,2022:08:13,13:27:42,2022:08:13 13:27:42,GoPro GoPro Max,GoPro,28.360641,75.589287,245.14,2022:08:13 7:57:36.00,439,2625,5.874884137,SE,130.0283966
gopro,440,GSAC0651.JPG,2022:08:13,13:28:18,2022:08:13 13:28:18,GoPro GoPro Max,GoPro,28.360855,75.591034,252.23,2022:08:13 7:58:12.00,440,2643,6.931933539,N,18.93403625
gopro,441,GSAC0652.JPG,2022:08:13,13:28:20,2022:08:13 13:28:20,GoPro GoPro Max,GoPro,28.360914,75.591057,251.73,2022:08:13 7:58:14.00,441,2644,6.603375438,N,353.1957397
gopro,442,GSAC0653.JPG,2022:08:13,13:28:22,2022:08:13 13:28:22,GoPro GoPro Max,GoPro,28.360973,75.591049,251.83,2022:08:13 7:58:16.00,442,2645,6.813608319,N,354.2337952
gopro,443,GSAC0654.JPG,2022:08:13,13:28:24,2022:08:13 13:28:24,GoPro GoPro Max,GoPro,28.361034,75.591042,251.71,2022:08:13 7:58:18.00,443,2646,10.03254973,N,355.5274353
gopro,444,GSAC0655.JPG,2022:08:13,13:28:26,2022:08:13 13:28:26,GoPro GoPro Max,GoPro,28.361124,75.591034,251.93,2022:08:13 7:58:20.00,444,2647,11.9814028,N,352.9674988
gopro,445,GSAC0656.JPG,2022:08:13,13:28:28,2022:08:13 13:28:28,GoPro GoPro Max,GoPro,28.361231,75.591019,251.85,2022:08:13 7:58:22.00,445,2648,13.30522947,N,350.2673645
gopro,446,GSAC0657.JPG,2022:08:13,13:28:30,2022:08:13 13:28:30,GoPro GoPro Max,GoPro,28.361349,75.590996,251.5,2022:08:13 7:58:24.00,446,2649,12.1021217,N,349.2889099
gopro,447,GSAC0658.JPG,2022:08:13,13:28:32,2022:08:13 13:28:32,GoPro GoPro Max,GoPro,28.361456,75.590973,251.51,2022:08:13 7:58:26.00,447,2650,11.88379901,N,349.0897522
gopro,448,GSAC0659.JPG,2022:08:13,13:28:34,2022:08:13 13:28:34,GoPro GoPro Max,GoPro,28.361561,75.59095,252.29,2022:08:13 7:58:28.00,448,2651,10.5866126,N,355.7619934
gopro,449,GSAC0660.JPG,2022:08:13,13:28:36,2022:08:13 13:28:36,GoPro GoPro Max,GoPro,28.361656,75.590942,254.97,2022:08:13 7:58:30.00,449,2652,10.46893716,N,356.2507935
gopro,450,GSAC0661.JPG,2022:08:13,13:28:38,2022:08:13 13:28:38,GoPro GoPro Max,GoPro,28.36175,75.590935,254.56,2022:08:13 7:58:32.00,450,2653,8.482288472,N,354.7079163
gopro,451,GSAC0662.JPG,2022:08:13,13:28:40,2022:08:13 13:28:40,GoPro GoPro Max,GoPro,28.361826,75.590927,253.83,2022:08:13 7:58:34.00,451,2654,7.265907639,N,6.18123436
gopro,452,GSAC0663.JPG,2022:08:13,13:28:42,2022:08:13 13:28:42,GoPro GoPro Max,GoPro,28.361891,75.590935,253.16,2022:08:13 7:58:36.00,452,2655,6.324353381,NE,45.34056854
gopro,453,GSAC0664.JPG,2022:08:13,13:28:44,2022:08:13 13:28:44,GoPro GoPro Max,GoPro,28.361931,75.590981,252.88,2022:08:13 7:58:38.00,453,2656,6.695296511,E,83.32767487
gopro,454,GSAC0665.JPG,2022:08:13,13:28:46,2022:08:13 13:28:46,GoPro GoPro Max,GoPro,28.361938,75.591049,253.28,2022:08:13 7:58:40.00,454,2657,8.996988871,E,90
gopro,455,GSAC0666.JPG,2022:08:13,13:28:48,2022:08:13 13:28:48,GoPro GoPro Max,GoPro,28.361938,75.591141,253.51,2022:08:13 7:58:42.00,455,2658,8.899889447,E,90.71547699
gopro,456,GSAC0667.JPG,2022:08:13,13:28:50,2022:08:13 13:28:50,GoPro GoPro Max,GoPro,28.361937,75.591232,253.79,2022:08:13 7:58:44.00,456,2659,8.340718809,E,80.02523041
gopro,457,GSAC0668.JPG,2022:08:13,13:28:52,2022:08:13 13:28:52,GoPro GoPro Max,GoPro,28.36195,75.591316,253.08,2022:08:13 7:58:46.00,457,2660,5.969533381,E,87.86618805
gopro,458,GSAC0669.JPG,2022:08:13,13:28:54,2022:08:13 13:28:54,GoPro GoPro Max,GoPro,28.361952,75.591377,252.1,2022:08:13 7:58:48.00,458,2661,3.039730721,E,94.1932373
gopro,459,GSAC0670.JPG,2022:08:13,13:28:56,2022:08:13 13:28:56,GoPro GoPro Max,GoPro,28.36195,75.591408,251.27,2022:08:13 7:58:50.00,459,2662,0.813307393,W,285.8599854
gopro,460,GSAC0683.JPG,2022:08:13,13:29:22,2022:08:13 13:29:22,GoPro GoPro Max,GoPro,28.362,75.590912,247.39,2022:08:13 7:59:16.00,460,2675,8.134947959,N,349.6115723
gopro,461,GSAC0684.JPG,2022:08:13,13:29:24,2022:08:13 13:29:24,GoPro GoPro Max,GoPro,28.362072,75.590897,247.18,2022:08:13 7:59:18.00,461,2676,11.77343547,N,352.362793
gopro,462,GSAC0685.JPG,2022:08:13,13:29:26,2022:08:13 13:29:26,GoPro GoPro Max,GoPro,28.362177,75.590881,247.16,2022:08:13 7:59:20.00,462,2677,11.76083797,N,352.8349915
gopro,463,GSAC0686.JPG,2022:08:13,13:29:28,2022:08:13 13:29:28,GoPro GoPro Max,GoPro,28.362282,75.590866,247.63,2022:08:13 7:59:22.00,463,2678,12.3205814,N,349.4811096
gopro,464,GSAC0687.JPG,2022:08:13,13:29:30,2022:08:13 13:29:30,GoPro GoPro Max,GoPro,28.362391,75.590843,247.95,2022:08:13 7:59:24.00,464,2679,12.64852453,N,349.7568359
gopro,465,GSAC0688.JPG,2022:08:13,13:29:32,2022:08:13 13:29:32,GoPro GoPro Max,GoPro,28.362503,75.59082,248.29,2022:08:13 7:59:26.00,465,2680,12.75790149,N,349.8456116
gopro,466,GSAC0689.JPG,2022:08:13,13:29:34,2022:08:13 13:29:34,GoPro GoPro Max,GoPro,28.362616,75.590797,248.65,2022:08:13 7:59:28.00,466,2681,12.19369745,N,349.837616
gopro,467,GSAC0690.JPG,2022:08:13,13:29:36,2022:08:13 13:29:36,GoPro GoPro Max,GoPro,28.362724,75.590775,248.74,2022:08:13 7:59:30.00,467,2682,11.47343568,N,356.0901184
gopro,468,GSAC0691.JPG,2022:08:13,13:29:38,2022:08:13 13:29:38,GoPro GoPro Max,GoPro,28.362827,75.590767,249.03,2022:08:13 7:59:32.00,468,2683,10.6642394,N,343.4845276
gopro,469,GSAC0692.JPG,2022:08:13,13:29:40,2022:08:13 13:29:40,GoPro GoPro Max,GoPro,28.362919,75.590736,249.53,2022:08:13 7:59:34.00,469,2684,10.21896246,N,351.7469482
gopro,470,GSAC0693.JPG,2022:08:13,13:29:42,2022:08:13 13:29:42,GoPro GoPro Max,GoPro,28.36301,75.590721,249.72,2022:08:13 7:59:36.00,470,2685,6.261000789,N,353.7230225
gopro,471,GSAC0694.JPG,2022:08:13,13:29:44,2022:08:13 13:29:44,GoPro GoPro Max,GoPro,28.363066,75.590714,250.29,2022:08:13 7:59:38.00,471,2686,4.00079947,N,353.7230225
gopro,472,GSAC0698.JPG,2022:08:13,13:29:52,2022:08:13 13:29:52,GoPro GoPro Max,GoPro,28.363104,75.590706,250.6,2022:08:13 7:59:46.00,472,2690,0.222266637,S,353.7230225
gopro,473,GSAC0702.JPG,2022:08:13,13:30:00,2022:08:13 13:30:00,GoPro GoPro Max,GoPro,28.363138,75.590698,250.78,2022:08:13 7:59:54.00,473,2694,5.598672963,N,352.9769287
gopro,474,GSAC0703.JPG,2022:08:13,13:30:02,2022:08:13 13:30:02,GoPro GoPro Max,GoPro,28.363188,75.590691,253.02,2022:08:13 7:59:56.00,474,2695,6.603373452,N,353.1958923
gopro,475,GSAC0704.JPG,2022:08:13,13:30:04,2022:08:13 13:30:04,GoPro GoPro Max,GoPro,28.363247,75.590683,256.6,2022:08:13 7:59:58.00,475,2696,7.044972684,N,353.6242065
gopro,476,GSAC0705.JPG,2022:08:13,13:30:06,2022:08:13 13:30:06,GoPro GoPro Max,GoPro,28.36331,75.590675,258.61,2022:08:13 8:0:0.00,476,2697,5.789196471,NW,337.1375732
gopro,477,GSAC0706.JPG,2022:08:13,13:30:08,2022:08:13 13:30:08,GoPro GoPro Max,GoPro,28.363358,75.590652,260.76,2022:08:13 8:0:2.00,477,2698,6.936020071,N,347.7904663
gopro,478,GSAC0707.JPG,2022:08:13,13:30:10,2022:08:13 13:30:10,GoPro GoPro Max,GoPro,28.363419,75.590637,259.11,2022:08:13 8:0:4.00,478,2699,6.624437916,NE,27.23437309
gopro,479,GSAC0708.JPG,2022:08:13,13:30:12,2022:08:13 13:30:12,GoPro GoPro Max,GoPro,28.363472,75.590668,258.84,2022:08:13 8:0:6.00,479,2700,6.327991138,E,70.50762177
gopro,480,GSAC0709.JPG,2022:08:13,13:30:14,2022:08:13 13:30:14,GoPro GoPro Max,GoPro,28.363491,75.590729,259.66,2022:08:13 8:0:8.00,480,2701,6.58057895,NE,65.02632141
gopro,481,GSAC0710.JPG,2022:08:13,13:30:16,2022:08:13 13:30:16,GoPro GoPro Max,GoPro,28.363516,75.59079,259.08,2022:08:13 8:0:10.00,481,2702,6.501165414,NE,34.86214447
gopro,482,GSAC0711.JPG,2022:08:13,13:30:18,2022:08:13 13:30:18,GoPro GoPro Max,GoPro,28.363564,75.590828,259.32,2022:08:13 8:0:12.00,482,2703,7.376403206,N,353.9118042
gopro,483,GSAC0712.JPG,2022:08:13,13:30:20,2022:08:13 13:30:20,GoPro GoPro Max,GoPro,28.36363,75.59082,260.17,2022:08:13 8:0:14.00,483,2704,9.602337408,N,346.4534302
gopro,484,GSAC0713.JPG,2022:08:13,13:30:22,2022:08:13 13:30:22,GoPro GoPro Max,GoPro,28.363714,75.590797,260.79,2022:08:13 8:0:16.00,484,2705,11.5403376,N,352.6974792
gopro,485,GSAC0714.JPG,2022:08:13,13:30:24,2022:08:13 13:30:24,GoPro GoPro Max,GoPro,28.363817,75.590782,259.51,2022:08:13 8:0:18.00,485,2706,9.669377623,N,351.274353
gopro,486,GSAC0715.JPG,2022:08:13,13:30:26,2022:08:13 13:30:26,GoPro GoPro Max,GoPro,28.363903,75.590767,259.03,2022:08:13 8:0:20.00,486,2707,6.603372828,N,6.804077148
gopro,487,GSAC0716.JPG,2022:08:13,13:30:28,2022:08:13 13:30:28,GoPro GoPro Max,GoPro,28.363962,75.590775,258.65,2022:08:13 8:0:22.00,487,2708,3.141790597,NE,27.8326416
gopro,488,GSAC0718.JPG,2022:08:13,13:30:32,2022:08:13 13:30:32,GoPro GoPro Max,GoPro,28.363989,75.59079,257.28,2022:08:13 8:0:26.00,488,2710,0.899807067,NW,299.6059265
gopro,489,GSAC0720.JPG,2022:08:13,13:30:36,2022:08:13 13:30:36,GoPro GoPro Max,GoPro,28.364,75.590782,255.42,2022:08:13 8:0:30.00,489,2712,0.955624081,NW,314.2478638
gopro,490,GSAC0723.JPG,2022:08:13,13:30:42,2022:08:13 13:30:42,GoPro GoPro Max,GoPro,28.364014,75.590775,253.66,2022:08:13 8:0:36.00,490,2715,0.899806933,SW,240.3940735
gopro,491,GSAC0724.JPG,2022:08:13,13:30:44,2022:08:13 13:30:44,GoPro GoPro Max,GoPro,28.36401,75.590767,253.2,2022:08:13 8:0:38.00,491,2716,1.642953631,SW,208.4358063
gopro,492,GSAC0725.JPG,2022:08:13,13:30:46,2022:08:13 13:30:46,GoPro GoPro Max,GoPro,28.363997,75.590759,252.82,2022:08:13 8:0:40.00,492,2717,2.305096704,SW,219.5209503
gopro,493,GSAC0726.JPG,2022:08:13,13:30:48,2022:08:13 13:30:48,GoPro GoPro Max,GoPro,28.363981,75.590744,252.48,2022:08:13 8:0:42.00,493,2718,2.379936705,W,250.9210052
gopro,494,GSAC0727.JPG,2022:08:13,13:30:50,2022:08:13 13:30:50,GoPro GoPro Max,GoPro,28.363974,75.590721,252.44,2022:08:13 8:0:44.00,494,2719,1.532750476,W,253.1406555
gopro,495,GSAC0728.JPG,2022:08:13,13:30:52,2022:08:13 13:30:52,GoPro GoPro Max,GoPro,28.36397,75.590706,252.14,2022:08:13 8:0:46.00,495,2720,1.483616085,E,81.38384247
gopro,496,GSAC0730.JPG,2022:08:13,13:30:56,2022:08:13 13:30:56,GoPro GoPro Max,GoPro,28.363964,75.590744,252.19,2022:08:13 8:0:50.00,496,2722,3.404760794,SE,138.6539154
gopro,497,GSAC0731.JPG,2022:08:13,13:30:58,2022:08:13 13:30:58,GoPro GoPro Max,GoPro,28.363941,75.590767,252.21,2022:08:13 8:0:52.00,497,2723,7.153412172,S,168.167038
gopro,498,GSAC0736.JPG,2022:08:13,13:31:08,2022:08:13 13:31:08,GoPro GoPro Max,GoPro,28.363605,75.590782,250.05,2022:08:13 8:1:2.00,498,2728,7.085063851,W,249.8131561
gopro,499,GSAC0737.JPG,2022:08:13,13:31:10,2022:08:13 13:31:10,GoPro GoPro Max,GoPro,28.363583,75.590714,250.15,2022:08:13 8:1:4.00,499,2729,9.241314076,W,256.7919006
gopro,500,GSAC0738.JPG,2022:08:13,13:31:12,2022:08:13 13:31:12,GoPro GoPro Max,GoPro,28.363564,75.590622,250.53,2022:08:13 8:1:6.00,500,2730,9.805616934,W,260.8702393
gopro,501,GSAC0739.JPG,2022:08:13,13:31:14,2022:08:13 13:31:14,GoPro GoPro Max,GoPro,28.36355,75.590523,250.4,2022:08:13 8:1:8.00,501,2731,9.030422765,W,265.058075
gopro,502,GSAC0740.JPG,2022:08:13,13:31:16,2022:08:13 13:31:16,GoPro GoPro Max,GoPro,28.363543,75.590431,249.77,2022:08:13 8:1:10.00,502,2732,7.514812519,W,261.495575
gopro,503,GSAC0741.JPG,2022:08:13,13:31:18,2022:08:13 13:31:18,GoPro GoPro Max,GoPro,28.363533,75.590355,250.78,2022:08:13 8:1:12.00,503,2733,6.089276929,W,258.4187622
gopro,504,GSAC0742.JPG,2022:08:13,13:31:20,2022:08:13 13:31:20,GoPro GoPro Max,GoPro,28.363522,75.590294,250.65,2022:08:13 8:1:14.00,504,2734,1.532756455,W,253.1407166
gopro,505,GSAC0744.JPG,2022:08:13,13:31:24,2022:08:13 13:31:24,GoPro GoPro Max,GoPro,28.36352,75.590279,250.3,2022:08:13 8:1:18.00,505,2736,1.466878494,E,90
gopro,506,GSAC0759.JPG,2022:08:13,13:31:54,2022:08:13 13:31:54,GoPro GoPro Max,GoPro,28.363541,75.590569,250.68,2022:08:13 8:1:48.00,506,2751,7.279909777,SE,134.6057739
gopro,507,GSAC0760.JPG,2022:08:13,13:31:56,2022:08:13 13:31:56,GoPro GoPro Max,GoPro,28.363495,75.590622,250.64,2022:08:13 8:1:50.00,507,2752,7.591213883,SE,157.2651215
gopro,508,GSAC0933.JPG,2022:08:13,13:37:42,2022:08:13 13:37:42,GoPro GoPro Max,GoPro,28.360874,75.591728,247.6,2022:08:13 8:7:36.00,508,2925,5.18128367,SE,154.2710419
gopro,509,GSAC0934.JPG,2022:08:13,13:37:44,2022:08:13 13:37:44,GoPro GoPro Max,GoPro,28.360832,75.591751,248.16,2022:08:13 8:7:38.00,509,2926,5.501445726,S,188.1756897
gopro,510,GSAC0935.JPG,2022:08:13,13:37:46,2022:08:13 13:37:46,GoPro GoPro Max,GoPro,28.360783,75.591743,248.15,2022:08:13 8:7:40.00,510,2927,6.975031556,SW,227.9956665
gopro,511,GSAC0936.JPG,2022:08:13,13:37:48,2022:08:13 13:37:48,GoPro GoPro Max,GoPro,28.360741,75.59169,248.13,2022:08:13 8:7:42.00,511,2928,5.804027406,SW,230.8116608
gopro,512,GSAC0937.JPG,2022:08:13,13:37:50,2022:08:13 13:37:50,GoPro GoPro Max,GoPro,28.360708,75.591644,247.9,2022:08:13 8:7:44.00,512,2929,5.513063898,SW,212.1515503
gopro,513,GSAC0938.JPG,2022:08:13,13:37:52,2022:08:13 13:37:52,GoPro GoPro Max,GoPro,28.360666,75.591614,247.73,2022:08:13 8:7:46.00,513,2930,5.891779195,S,202.4430542
gopro,514,GSAC0939.JPG,2022:08:13,13:37:54,2022:08:13 13:37:54,GoPro GoPro Max,GoPro,28.360617,75.591591,247.67,2022:08:13 8:7:48.00,514,2931,2.461443268,S,161.4673767
