file_name,streetview_id,latitude,longitude,altitude,date,time,distance,heading,streetview,project
GSfile,0,31.6692066,34.5755732,28.249,6/13/2022,11:34:58:245,12.20655934,71.82262288,GS010598_003.jpg,2022_RVGP_Israil_Data_Ph2
GSfile,1,31.6691671,34.5754529,28.407,6/13/2022,11:35:00:170,13.81289859,72.08326492,GS010598_004.jpg,2022_RVGP_Israil_Data_Ph2
GSfile,2,31.669123,34.5753165,28.645,6/13/2022,11:35:01:105,12.74198377,72.59174736,GS010598_005.jpg,2022_RVGP_Israil_Data_Ph2
GSfile,3,31.6690834,34.5751902,28.894,6/13/2022,11:35:02:150,12.20963686,72.90722916,GS010598_006.jpg,2022_RVGP_Israil_Data_Ph2
GSfile,4,31.6690461,34.5750689,29.053,6/13/2022,11:35:03:140,11.70163364,74.59657504,GS010598_007.jpg,2022_RVGP_Israil_Data_Ph2
GSfile,5,31.6690137,34.5749513,29.145,6/13/2022,11:35:04:130,9.782234474,75.71890426,GS010598_008.jpg,2022_RVGP_Israil_Data_Ph2
GSfile,6,31.6689885,34.5748523,29.344,6/13/2022,11:35:05:175,8.788557536,76.40239041,GS010598_009.jpg,2022_RVGP_Israil_Data_Ph2
GSfile,7,31.6689669,34.574763,29.44,6/13/2022,11:35:06:165,7.729089881,76.32496801,GS010598_010.jpg,2022_RVGP_Israil_Data_Ph2
GSfile,8,31.6689478,34.5746845,29.822,6/13/2022,11:35:07:155,7.043129232,76.737212,GS010598_011.jpg,2022_RVGP_Israil_Data_Ph2
GSfile,9,31.6689309,34.5746128,30.025,6/13/2022,11:35:08:145,5.32780092,76.28816297,GS010598_012.jpg,2022_RVGP_Israil_Data_Ph2
GSfile,10,31.6689177,34.5745587,30.105,6/13/2022,11:35:09:190,4.854211702,76.31979647,GS010598_013.jpg,2022_RVGP_Israil_Data_Ph2
GSfile,11,31.6689057,34.5745094,30.224,6/13/2022,11:35:10:125,3.567074204,76.18742142,GS010598_014.jpg,2022_RVGP_Israil_Data_Ph2
GSfile,12,31.6688968,34.5744732,30.403,6/13/2022,11:35:11:170,2.443826916,76.18140327,GS010598_015.jpg,2022_RVGP_Israil_Data_Ph2
GSfile,13,31.6688907,34.5744484,30.57,6/13/2022,11:35:12:160,1.642650378,75.47752398,GS010598_016.jpg,2022_RVGP_Israil_Data_Ph2
GSfile,14,31.6688864,34.5744318,30.648,6/13/2022,11:35:13:205,0.777896363,74.24882633,GS010598_017.jpg,2022_RVGP_Israil_Data_Ph2
GSfile,15,31.6688842,34.574424,30.693,6/13/2022,11:35:14:140,0.021958978,63.43494882,GS010598_018.jpg,2022_RVGP_Israil_Data_Ph2
GSfile,16,31.6688841,34.5744238,30.722,6/13/2022,11:35:15:130,0.021958978,63.43494801,GS010598_019.jpg,2022_RVGP_Israil_Data_Ph2
GSfile,17,31.668884,34.5744236,30.753,6/13/2022,11:35:16:120,0.029212309,45.00000051,GS010598_020.jpg,2022_RVGP_Israil_Data_Ph2
GSfile,18,31.6688838,34.5744234,30.783,6/13/2022,11:35:17:165,0.052300647,111.8014094,GS010598_021.jpg,2022_RVGP_Israil_Data_Ph2
GSfile,19,31.668884,34.5744229,30.813,6/13/2022,11:35:18:155,0.061001365,108.434949,GS010598_022.jpg,2022_RVGP_Israil_Data_Ph2
GSfile,20,31.6688842,34.5744223,30.88,6/13/2022,11:35:19:145,0.061001365,108.4349487,GS010598_023.jpg,2022_RVGP_Israil_Data_Ph2
GSfile,21,31.6688844,34.5744217,31.053,6/13/2022,11:35:20:135,0.056800383,90,GS010598_024.jpg,2022_RVGP_Israil_Data_Ph2
GSfile,22,31.6688844,34.5744211,31.155,6/13/2022,11:35:21:125,0.048622993,78.69006737,GS010598_025.jpg,2022_RVGP_Israil_Data_Ph2
GSfile,23,31.6688843,34.5744206,31.221,6/13/2022,11:35:22:170,0.037866923,90,GS010598_026.jpg,2022_RVGP_Israil_Data_Ph2
GSfile,24,31.6688843,34.5744202,31.321,6/13/2022,11:35:23:160,0.057913396,120.9637566,GS010598_027.jpg,2022_RVGP_Israil_Data_Ph2
GSfile,25,31.6688846,34.5744197,31.363,6/13/2022,11:35:24:205,0.057913396,120.9637566,GS010598_028.jpg,2022_RVGP_Israil_Data_Ph2
GSfile,26,31.6688849,34.5744192,31.439,6/13/2022,11:35:25:195,0.095318516,84.28940702,GS010598_029.jpg,2022_RVGP_Israil_Data_Ph2
GSfile,27,31.6688848,34.5744182,31.56,6/13/2022,11:35:26:130,0.037866922,90,GS010598_030.jpg,2022_RVGP_Israil_Data_Ph2
GSfile,28,31.6688848,34.5744178,31.557,6/13/2022,11:35:27:120,0.069901454,105.9453958,GS010598_031.jpg,2022_RVGP_Israil_Data_Ph2
GSfile,29,31.668885,34.5744171,31.58,6/13/2022,11:35:28:165,0.079817682,119.7448813,GS010598_032.jpg,2022_RVGP_Israil_Data_Ph2
GSfile,30,31.6688854,34.5744164,31.518,6/13/2022,11:35:29:155,0.064961579,128.6598084,GS010598_033.jpg,2022_RVGP_Israil_Data_Ph2
GSfile,31,31.6688858,34.5744159,31.459,6/13/2022,11:35:30:200,0.079494039,129.805571,GS010598_034.jpg,2022_RVGP_Israil_Data_Ph2
GSfile,32,31.6688863,34.5744153,31.362,6/13/2022,11:35:31:190,0.038366167,146.3099331,GS010598_035.jpg,2022_RVGP_Israil_Data_Ph2
GSfile,33,31.6688866,34.5744151,31.298,6/13/2022,11:35:32:180,0.014606155,135,GS010598_036.jpg,2022_RVGP_Israil_Data_Ph2
GSfile,34,31.6688867,34.574415,31.231,6/13/2022,11:35:33:170,0.056414873,168.6900674,GS010598_037.jpg,2022_RVGP_Israil_Data_Ph2
GSfile,35,31.6688872,34.5744149,31.147,6/13/2022,11:35:34:270,0.03336895,180,GS010598_038.jpg,2022_RVGP_Israil_Data_Ph2
GSfile,36,31.6688875,34.5744149,30.866,6/13/2022,11:35:35:205,0.014606155,135,GS010598_039.jpg,2022_RVGP_Israil_Data_Ph2
GSfile,37,31.6688876,34.5744148,30.67,6/13/2022,11:35:36:140,0.087636925,135,GS010598_040.jpg,2022_RVGP_Israil_Data_Ph2
GSfile,38,31.6688882,34.5744142,30.565,6/13/2022,11:35:37:185,0.052783547,143.1301025,GS010598_041.jpg,2022_RVGP_Israil_Data_Ph2
GSfile,39,31.6688886,34.5744139,30.572,6/13/2022,11:35:38:175,0.029212308,135,GS010598_042.jpg,2022_RVGP_Israil_Data_Ph2
GSfile,40,31.6688888,34.5744137,30.501,6/13/2022,11:35:39:220,0.064961578,128.6598082,GS010598_043.jpg,2022_RVGP_Israil_Data_Ph2
GSfile,41,31.6688892,34.5744132,30.375,6/13/2022,11:35:40:265,0.022245967,0,GS010598_044.jpg,2022_RVGP_Israil_Data_Ph2
GSfile,42,31.668889,34.5744132,30.215,6/13/2022,11:35:41:200,0.052783548,143.1301021,GS010598_045.jpg,2022_RVGP_Israil_Data_Ph2
GSfile,43,31.6688894,34.5744129,30.195,6/13/2022,11:35:42:190,0.076732333,146.3099326,GS010598_046.jpg,2022_RVGP_Israil_Data_Ph2
GSfile,44,31.66889,34.5744125,30.17,6/13/2022,11:35:43:235,0.076732333,146.3099326,GS010598_047.jpg,2022_RVGP_Israil_Data_Ph2
GSfile,45,31.6688906,34.5744121,30.061,6/13/2022,11:35:44:170,0.057913394,120.9637562,GS010598_048.jpg,2022_RVGP_Israil_Data_Ph2
GSfile,46,31.6688909,34.5744116,30.037,6/13/2022,11:35:45:270,0.050471679,126.8698978,GS010598_049.jpg,2022_RVGP_Israil_Data_Ph2
GSfile,47,31.6688912,34.5744112,30.121,6/13/2022,11:35:46:205,0.06587693,116.5650512,GS010598_050.jpg,2022_RVGP_Israil_Data_Ph2
GSfile,48,31.6688915,34.5744106,30.194,6/13/2022,11:35:47:195,0.08651213,125.5376777,GS010598_051.jpg,2022_RVGP_Israil_Data_Ph2
GSfile,49,31.668892,34.5744099,30.386,6/13/2022,11:35:48:185,0.075733838,90,GS010598_052.jpg,2022_RVGP_Israil_Data_Ph2
GSfile,50,31.668892,34.5744091,30.53,6/13/2022,11:35:49:230,0.076546293,97.12501647,GS010598_053.jpg,2022_RVGP_Israil_Data_Ph2
GSfile,51,31.6688921,34.5744083,30.665,6/13/2022,11:35:50:165,0.037866919,90,GS010598_054.jpg,2022_RVGP_Israil_Data_Ph2
GSfile,52,31.6688921,34.5744079,30.64,6/13/2022,11:35:51:155,0.043917952,116.5650512,GS010598_055.jpg,2022_RVGP_Israil_Data_Ph2
GSfile,53,31.6688923,34.5744075,30.656,6/13/2022,11:35:52:200,0.00946673,90,GS010598_056.jpg,2022_RVGP_Israil_Data_Ph2
GSfile,54,31.6688923,34.5744074,30.678,6/13/2022,11:35:53:190,0.134811962,350.5376777,GS010598_057.jpg,2022_RVGP_Israil_Data_Ph2
GSfile,55,31.6688911,34.5744076,31.058,6/13/2022,11:35:54:235,0.107029365,336.0375112,GS010598_058.jpg,2022_RVGP_Israil_Data_Ph2
GSfile,56,31.6688902,34.574408,31.261,6/13/2022,11:35:55:170,0.152503405,288.4349487,GS010598_059.jpg,2022_RVGP_Israil_Data_Ph2
GSfile,57,31.6688897,34.5744095,31.387,6/13/2022,11:35:56:270,0.115826789,300.9637566,GS010598_060.jpg,2022_RVGP_Israil_Data_Ph2
GSfile,58,31.6688891,34.5744105,31.427,6/13/2022,11:35:57:150,0.072151337,303.6900676,GS010598_061.jpg,2022_RVGP_Israil_Data_Ph2
GSfile,59,31.6688887,34.5744111,31.386,6/13/2022,11:35:58:195,0.029212309,225.0000005,GS010598_062.jpg,2022_RVGP_Israil_Data_Ph2
GSfile,60,31.6688889,34.5744113,31.482,6/13/2022,11:35:59:185,0.044491933,0,GS010598_063.jpg,2022_RVGP_Israil_Data_Ph2
GSfile,61,31.6688885,34.5744113,31.576,6/13/2022,11:36:00:230,0.055614917,0,GS010598_064.jpg,2022_RVGP_Israil_Data_Ph2
GSfile,62,31.668888,34.5744113,31.625,6/13/2022,11:36:01:165,0.038366167,33.69006784,GS010598_065.jpg,2022_RVGP_Israil_Data_Ph2
GSfile,63,31.6688877,34.5744111,31.689,6/13/2022,11:36:02:265,0.067405981,350.5376777,GS010598_066.jpg,2022_RVGP_Israil_Data_Ph2
GSfile,64,31.6688871,34.5744112,31.866,6/13/2022,11:36:03:255,0.086512133,305.5376777,GS010598_067.jpg,2022_RVGP_Israil_Data_Ph2
GSfile,65,31.6688866,34.5744119,32.113,6/13/2022,11:36:04:245,0.692549708,69.53772847,GS010598_068.jpg,2022_RVGP_Israil_Data_Ph2
GSfile,66,31.6688841,34.5744052,32.292,6/13/2022,11:36:05:235,2.730372014,74.9389839,GS010598_069.jpg,2022_RVGP_Israil_Data_Ph2
GSfile,67,31.6688767,34.5743777,32.537,6/13/2022,11:36:06:225,4.669049996,76.24852447,GS010598_070.jpg,2022_RVGP_Israil_Data_Ph2
GSfile,68,31.6688651,34.5743303,32.786,6/13/2022,11:36:07:270,6.487726999,76.88516032,GS010598_071.jpg,2022_RVGP_Israil_Data_Ph2
GSfile,69,31.6688497,34.5742642,33.118,6/13/2022,11:36:08:205,7.877850498,76.52050012,GS010598_072.jpg,2022_RVGP_Israil_Data_Ph2
GSfile,70,31.6688305,34.5741841,33.461,6/13/2022,11:36:09:195,10.39197862,76.92243177,GS010598_073.jpg,2022_RVGP_Israil_Data_Ph2
GSfile,71,31.6688059,34.5740782,33.83,6/13/2022,11:36:10:185,10.81105047,76.97121304,GS010598_074.jpg,2022_RVGP_Israil_Data_Ph2
GSfile,72,31.6687804,34.573968,34.152,6/13/2022,11:36:11:230,11.22040085,76.69797395,GS010598_075.jpg,2022_RVGP_Israil_Data_Ph2
GSfile,73,31.6687534,34.5738538,34.419,6/13/2022,11:36:12:220,11.96107824,76.64145278,GS010598_076.jpg,2022_RVGP_Israil_Data_Ph2
GSfile,74,31.6687245,34.5737321,34.665,6/13/2022,11:36:13:265,10.52815163,76.60750225,GS010598_077.jpg,2022_RVGP_Israil_Data_Ph2
GSfile,75,31.668699,34.573625,34.889,6/13/2022,11:36:14:200,11.97163913,77.22816283,GS010598_078.jpg,2022_RVGP_Israil_Data_Ph2
GSfile,76,31.6686713,34.5735028,35.018,6/13/2022,11:36:15:190,11.00931406,77.26625721,GS010598_079.jpg,2022_RVGP_Israil_Data_Ph2
GSfile,77,31.6686459,34.5733904,35.182,6/13/2022,11:36:16:235,12.42969262,77.1176371,GS010598_080.jpg,2022_RVGP_Israil_Data_Ph2
GSfile,78,31.6686169,34.5732636,35.464,6/13/2022,11:36:17:225,12.20859359,77.8113668,GS010598_081.jpg,2022_RVGP_Israil_Data_Ph2
GSfile,79,31.6685899,34.5731386,35.74,6/13/2022,11:36:18:270,10.93912162,77.80745673,GS010598_082.jpg,2022_RVGP_Israil_Data_Ph2
GSfile,80,31.6685657,34.5730266,35.919,6/13/2022,11:36:19:205,10.25973055,77.36125304,GS010598_083.jpg,2022_RVGP_Israil_Data_Ph2
GSfile,81,31.6685422,34.5729218,35.876,6/13/2022,11:36:20:250,10.0121624,76.69368412,GS010598_084.jpg,2022_RVGP_Israil_Data_Ph2
GSfile,82,31.6685181,34.5728199,36.258,6/13/2022,11:36:21:240,10.53778934,76.94695392,GS010598_085.jpg,2022_RVGP_Israil_Data_Ph2
GSfile,83,31.6684932,34.5727125,36.481,6/13/2022,11:36:22:230,9.563842814,77.18558501,GS010598_086.jpg,2022_RVGP_Israil_Data_Ph2
GSfile,84,31.668471,34.5726149,36.885,6/13/2022,11:36:23:275,10.07517507,77.51832021,GS010598_087.jpg,2022_RVGP_Israil_Data_Ph2
GSfile,85,31.6684482,34.5725119,37.044,6/13/2022,11:36:24:265,9.857206251,76.47615511,GS010598_088.jpg,2022_RVGP_Israil_Data_Ph2
GSfile,86,31.6684241,34.5724117,36.895,6/13/2022,11:36:25:200,10.51660951,76.97415935,GS010598_089.jpg,2022_RVGP_Israil_Data_Ph2
GSfile,87,31.6683993,34.5723045,36.935,6/13/2022,11:36:26:245,9.962454386,74.41089769,GS010598_090.jpg,2022_RVGP_Israil_Data_Ph2
GSfile,88,31.6683714,34.5722045,37.383,6/13/2022,11:36:27:235,10.0449447,75.30094737,GS010598_091.jpg,2022_RVGP_Israil_Data_Ph2
GSfile,89,31.6683448,34.5721031,37.668,6/13/2022,11:36:28:225,10.84435141,76.90696297,GS010598_092.jpg,2022_RVGP_Israil_Data_Ph2
GSfile,90,31.6683191,34.5719926,37.744,6/13/2022,11:36:29:270,9.67311596,78.33543667,GS010598_093.jpg,2022_RVGP_Israil_Data_Ph2
GSfile,91,31.6682986,34.5718933,37.986,6/13/2022,11:36:30:205,10.30230481,79.01235938,GS010598_094.jpg,2022_RVGP_Israil_Data_Ph2
GSfile,92,31.668278,34.5717872,38.182,6/13/2022,11:36:31:195,9.175614932,77.30943163,GS010598_095.jpg,2022_RVGP_Israil_Data_Ph2
GSfile,93,31.6682569,34.5716935,38.257,6/13/2022,11:36:32:240,8.585679217,76.93844892,GS010598_096.jpg,2022_RVGP_Israil_Data_Ph2
GSfile,94,31.6682366,34.571606,38.037,6/13/2022,11:36:33:230,7.637188344,73.70808123,GS010598_097.jpg,2022_RVGP_Israil_Data_Ph2
GSfile,95,31.6682143,34.5715297,38.427,6/13/2022,11:36:34:275,6.049350342,75.12705982,GS010598_098.jpg,2022_RVGP_Israil_Data_Ph2
GSfile,96,31.6681981,34.5714687,38.651,6/13/2022,11:36:35:265,5.185566343,75.78414652,GS010598_099.jpg,2022_RVGP_Israil_Data_Ph2
GSfile,97,31.6681848,34.5714162,38.677,6/13/2022,11:36:36:255,5.014993571,73.9943245,GS010598_100.jpg,2022_RVGP_Israil_Data_Ph2
GSfile,98,31.6681704,34.571366,39.009,6/13/2022,11:36:37:245,5.525803405,73.95886046,GS010598_101.jpg,2022_RVGP_Israil_Data_Ph2
GSfile,99,31.6681545,34.5713107,39.372,6/13/2022,11:36:38:235,6.832499406,73.57862615,GS010598_102.jpg,2022_RVGP_Israil_Data_Ph2
GSfile,100,31.6681344,34.5712425,39.856,6/13/2022,11:36:39:225,7.47446259,74.35775354,GS010598_103.jpg,2022_RVGP_Israil_Data_Ph2
GSfile,101,31.6681134,34.5711675,40.189,6/13/2022,11:36:40:270,7.371584635,74.84293445,GS010598_104.jpg,2022_RVGP_Israil_Data_Ph2
GSfile,102,31.6680933,34.5710933,40.32,6/13/2022,11:36:41:260,8.198343402,73.51949,GS010598_105.jpg,2022_RVGP_Israil_Data_Ph2
GSfile,103,31.6680691,34.5710115,40.503,6/13/2022,11:36:42:250,7.832759904,72.70057476,GS010598_106.jpg,2022_RVGP_Israil_Data_Ph2
GSfile,104,31.6680449,34.5709338,40.799,6/13/2022,11:36:43:240,7.224670348,71.63760805,GS010598_107.jpg,2022_RVGP_Israil_Data_Ph2
GSfile,105,31.6680213,34.5708627,41.108,6/13/2022,11:36:44:230,6.716857477,70.86159128,GS010598_108.jpg,2022_RVGP_Israil_Data_Ph2
GSfile,106,31.6679985,34.570797,41.267,6/13/2022,11:36:45:275,7.117705075,69.27049773,GS010598_109.jpg,2022_RVGP_Israil_Data_Ph2
GSfile,107,31.6679725,34.5707283,41.433,6/13/2022,11:36:46:265,5.949945473,68.04223492,GS010598_110.jpg,2022_RVGP_Israil_Data_Ph2
GSfile,108,31.6679496,34.5706715,41.478,6/13/2022,11:36:47:255,6.396219397,67.06481018,GS010598_111.jpg,2022_RVGP_Israil_Data_Ph2
GSfile,109,31.667924,34.570611,41.489,6/13/2022,11:36:48:245,6.66398727,66.36102016,GS010598_112.jpg,2022_RVGP_Israil_Data_Ph2
GSfile,110,31.6678966,34.5705484,41.517,6/13/2022,11:36:49:290,6.932896286,65.70968866,GS010598_113.jpg,2022_RVGP_Israil_Data_Ph2
GSfile,111,31.6678674,34.5704837,41.44,6/13/2022,11:36:50:225,7.593388398,66.03751103,GS010598_114.jpg,2022_RVGP_Israil_Data_Ph2
GSfile,112,31.6678358,34.5704126,41.402,6/13/2022,11:36:51:270,6.314956114,66.32502076,GS010598_115.jpg,2022_RVGP_Israil_Data_Ph2
GSfile,113,31.6678098,34.5703533,41.414,6/13/2022,11:36:52:260,6.857905019,66.64103732,GS010598_116.jpg,2022_RVGP_Israil_Data_Ph2
GSfile,114,31.6677819,34.5702887,41.501,6/13/2022,11:36:53:250,7.173449133,66.0849937,GS010598_117.jpg,2022_RVGP_Israil_Data_Ph2
GSfile,115,31.6677521,34.5702215,41.479,6/13/2022,11:36:54:240,7.124459942,66.17294295,GS010598_118.jpg,2022_RVGP_Israil_Data_Ph2
GSfile,116,31.6677226,34.5701547,41.513,6/13/2022,11:36:55:285,7.20194752,66.28175723,GS010598_119.jpg,2022_RVGP_Israil_Data_Ph2
GSfile,117,31.6676929,34.5700871,41.619,6/13/2022,11:36:56:275,6.454984377,66.80140949,GS010598_120.jpg,2022_RVGP_Israil_Data_Ph2
GSfile,118,31.6676668,34.5700262,41.746,6/13/2022,11:36:57:265,6.008402493,65.93354321,GS010598_121.jpg,2022_RVGP_Israil_Data_Ph2
GSfile,119,31.6676417,34.56997,41.861,6/13/2022,11:36:58:254,5.564640832,66.22108534,GS010598_122.jpg,2022_RVGP_Israil_Data_Ph2
GSfile,120,31.6676187,34.5699178,41.852,6/13/2022,11:36:59:299,5.390903565,66.67901185,GS010598_123.jpg,2022_RVGP_Israil_Data_Ph2
GSfile,121,31.6675968,34.569867,42.032,6/13/2022,11:37:00:289,4.590145447,67.02484594,GS010598_124.jpg,2022_RVGP_Israil_Data_Ph2
GSfile,122,31.6675784,34.5698236,42.094,6/13/2022,11:37:01:224,4.283023499,66.52743295,GS010598_125.jpg,2022_RVGP_Israil_Data_Ph2
GSfile,123,31.6675609,34.5697833,42.246,6/13/2022,11:37:02:269,5.040881864,65.62037084,GS010598_126.jpg,2022_RVGP_Israil_Data_Ph2
GSfile,124,31.6675396,34.5697363,42.322,6/13/2022,11:37:03:259,6.502313947,64.78510443,GS010598_127.jpg,2022_RVGP_Israil_Data_Ph2
GSfile,125,31.6675113,34.5696762,42.435,6/13/2022,11:37:04:304,8.568006494,63.05278665,GS010598_128.jpg,2022_RVGP_Israil_Data_Ph2
GSfile,126,31.6674718,34.5695985,42.523,6/13/2022,11:37:05:294,8.716916298,62.88571246,GS010598_129.jpg,2022_RVGP_Israil_Data_Ph2
GSfile,127,31.6674314,34.5695196,42.572,6/13/2022,11:37:06:229,8.801222898,62.48918144,GS010598_130.jpg,2022_RVGP_Israil_Data_Ph2
GSfile,128,31.6673901,34.5694403,42.591,6/13/2022,11:37:07:274,8.422432363,63.0761073,GS010598_131.jpg,2022_RVGP_Israil_Data_Ph2
GSfile,129,31.6673513,34.5693639,42.717,6/13/2022,11:37:08:264,8.302073615,62.37122369,GS010598_132.jpg,2022_RVGP_Israil_Data_Ph2
GSfile,130,31.6673122,34.5692892,42.847,6/13/2022,11:37:09:254,8.320883434,61.61182602,GS010598_133.jpg,2022_RVGP_Israil_Data_Ph2
GSfile,131,31.6672721,34.569215,42.971,6/13/2022,11:37:10:299,7.477469637,60.89390401,GS010598_134.jpg,2022_RVGP_Israil_Data_Ph2
GSfile,132,31.6672353,34.5691489,43.085,6/13/2022,11:37:11:289,6.980204239,60.23495833,GS010598_135.jpg,2022_RVGP_Israil_Data_Ph2
GSfile,133,31.6672003,34.5690877,43.204,6/13/2022,11:37:12:279,7.060758755,60.74277293,GS010598_136.jpg,2022_RVGP_Israil_Data_Ph2
GSfile,134,31.6671654,34.5690254,43.249,6/13/2022,11:37:13:269,6.532486478,66.41959301,GS010598_137.jpg,2022_RVGP_Israil_Data_Ph2
GSfile,135,31.6671386,34.568964,43.212,6/13/2022,11:37:14:259,7.149720958,73.85371549,GS010598_138.jpg,2022_RVGP_Israil_Data_Ph2
GSfile,136,31.6671179,34.5688925,43.22,6/13/2022,11:37:15:249,6.831474722,75.63257074,GS010598_139.jpg,2022_RVGP_Israil_Data_Ph2
GSfile,137,31.6671002,34.5688234,43.242,6/13/2022,11:37:16:294,7.079605879,67.27713968,GS010598_140.jpg,2022_RVGP_Israil_Data_Ph2
GSfile,138,31.6670721,34.5687563,43.228,6/13/2022,11:37:17:284,8.294956983,60.31448376,GS010598_141.jpg,2022_RVGP_Israil_Data_Ph2
GSfile,139,31.6670306,34.5686835,43.146,6/13/2022,11:37:18:274,8.131447665,65.98862981,GS010598_142.jpg,2022_RVGP_Israil_Data_Ph2
GSfile,140,31.6669967,34.5686074,43.089,6/13/2022,11:37:19:264,10.04043595,71.75644238,GS010598_143.jpg,2022_RVGP_Israil_Data_Ph2
GSfile,141,31.6669641,34.5685085,43.196,6/13/2022,11:37:20:254,11.33995103,74.64711428,GS010598_144.jpg,2022_RVGP_Israil_Data_Ph2
GSfile,142,31.6669328,34.5683945,43.263,6/13/2022,11:37:21:299,10.70791916,75.92648695,GS010598_145.jpg,2022_RVGP_Israil_Data_Ph2
GSfile,143,31.6669056,34.568286,43.241,6/13/2022,11:37:22:289,11.34581416,77.05240922,GS010598_146.jpg,2022_RVGP_Israil_Data_Ph2
GSfile,144,31.666879,34.5681703,43.172,6/13/2022,11:37:23:279,12.11089942,77.04943863,GS010598_147.jpg,2022_RVGP_Israil_Data_Ph2
GSfile,145,31.6668506,34.5680468,43.088,6/13/2022,11:37:24:269,11.43678102,77.00897204,GS010598_148.jpg,2022_RVGP_Israil_Data_Ph2
GSfile,146,31.6668237,34.5679302,43.051,6/13/2022,11:37:25:259,11.00564665,77.00165374,GS010598_149.jpg,2022_RVGP_Israil_Data_Ph2
GSfile,147,31.6667978,34.567818,43.168,6/13/2022,11:37:26:304,10.5288372,76.93520605,GS010598_150.jpg,2022_RVGP_Israil_Data_Ph2
GSfile,148,31.6667729,34.5677107,43.228,6/13/2022,11:37:27:294,9.606342783,77.12499844,GS010598_151.jpg,2022_RVGP_Israil_Data_Ph2
GSfile,149,31.6667505,34.5676127,43.225,6/13/2022,11:37:28:284,7.988650264,78.07256429,GS010598_152.jpg,2022_RVGP_Israil_Data_Ph2
GSfile,150,31.6667332,34.5675308,43.04,6/13/2022,11:37:29:274,6.747089593,80.75017855,GS010598_153.jpg,2022_RVGP_Israil_Data_Ph2
GSfile,151,31.6667218,34.5674608,42.983,6/13/2022,11:37:30:319,7.309027778,90.5937174,GS010598_154.jpg,2022_RVGP_Israil_Data_Ph2
GSfile,152,31.6667226,34.5673836,42.897,6/13/2022,11:37:31:309,7.839441936,96.39380361,GS010598_155.jpg,2022_RVGP_Israil_Data_Ph2
GSfile,153,31.6667318,34.5673015,42.726,6/13/2022,11:37:32:299,7.407739029,86.99491354,GS010598_156.jpg,2022_RVGP_Israil_Data_Ph2
GSfile,154,31.6667277,34.5672234,42.743,6/13/2022,11:37:33:289,9.332708956,81.80388871,GS010598_157.jpg,2022_RVGP_Israil_Data_Ph2
GSfile,155,31.6667137,34.5671262,42.778,6/13/2022,11:37:34:279,10.01563655,82.64588261,GS010598_158.jpg,2022_RVGP_Israil_Data_Ph2
GSfile,156,31.6667002,34.5670216,42.844,6/13/2022,11:37:35:269,11.10717545,83.22723226,GS010598_159.jpg,2022_RVGP_Israil_Data_Ph2
GSfile,157,31.6666864,34.5669054,43.024,6/13/2022,11:37:36:314,11.89921738,82.98838435,GS010598_160.jpg,2022_RVGP_Israil_Data_Ph2
GSfile,158,31.6666711,34.566781,43.257,6/13/2022,11:37:37:304,12.58506239,82.32248086,GS010598_161.jpg,2022_RVGP_Israil_Data_Ph2
GSfile,159,31.6666534,34.5666497,43.375,6/13/2022,11:37:38:294,13.15779099,81.31364542,GS010598_162.jpg,2022_RVGP_Israil_Data_Ph2
GSfile,160,31.6666325,34.5665129,43.464,6/13/2022,11:37:39:284,14.51636516,80.91417163,GS010598_163.jpg,2022_RVGP_Israil_Data_Ph2
GSfile,161,31.6666084,34.5663622,43.699,6/13/2022,11:37:40:274,14.12644018,81.36817701,GS010598_164.jpg,2022_RVGP_Israil_Data_Ph2
GSfile,162,31.6665861,34.5662153,43.903,6/13/2022,11:37:41:264,14.17084646,81.63075899,GS010598_165.jpg,2022_RVGP_Israil_Data_Ph2
GSfile,163,31.6665644,34.5660678,44.041,6/13/2022,11:37:42:309,14.10547728,81.78800759,GS010598_166.jpg,2022_RVGP_Israil_Data_Ph2
GSfile,164,31.6665432,34.5659209,44.08,6/13/2022,11:37:43:299,13.6388484,81.70614747,GS010598_167.jpg,2022_RVGP_Israil_Data_Ph2
GSfile,165,31.6665225,34.5657789,44.094,6/13/2022,11:37:44:289,13.89153619,81.25980108,GS010598_168.jpg,2022_RVGP_Israil_Data_Ph2
GSfile,166,31.6665003,34.5656345,44.246,6/13/2022,11:37:45:279,12.76398125,81.30251172,GS010598_169.jpg,2022_RVGP_Israil_Data_Ph2
GSfile,167,31.66648,34.5655018,44.453,6/13/2022,11:37:46:269,12.33052931,81.53257358,GS010598_170.jpg,2022_RVGP_Israil_Data_Ph2
GSfile,168,31.6664609,34.5653735,44.706,6/13/2022,11:37:47:314,12.15681608,81.77487986,GS010598_171.jpg,2022_RVGP_Israil_Data_Ph2
GSfile,169,31.6664426,34.5652469,44.854,6/13/2022,11:37:48:304,12.60553603,82.29122745,GS010598_172.jpg,2022_RVGP_Israil_Data_Ph2
GSfile,170,31.6664248,34.5651154,44.91,6/13/2022,11:37:49:294,11.37847215,81.78868469,GS010598_173.jpg,2022_RVGP_Israil_Data_Ph2
GSfile,171,31.6664077,34.5649969,45.108,6/13/2022,11:37:50:284,11.23311805,82.07550363,GS010598_174.jpg,2022_RVGP_Israil_Data_Ph2
GSfile,172,31.6663914,34.5648798,45.196,6/13/2022,11:37:51:329,11.2518061,82.08884391,GS010598_175.jpg,2022_RVGP_Israil_Data_Ph2
GSfile,173,31.6663751,34.5647625,45.272,6/13/2022,11:37:52:319,11.34413137,82.44656749,GS010598_176.jpg,2022_RVGP_Israil_Data_Ph2
GSfile,174,31.6663594,34.5646441,45.26,6/13/2022,11:37:53:309,11.74985646,82.6165082,GS010598_177.jpg,2022_RVGP_Israil_Data_Ph2
GSfile,175,31.6663435,34.5645214,45.176,6/13/2022,11:37:54:299,10.91816757,83.15920496,GS010598_178.jpg,2022_RVGP_Israil_Data_Ph2
GSfile,176,31.6663298,34.5644072,45.154,6/13/2022,11:37:55:289,10.89178446,83.3951645,GS010598_179.jpg,2022_RVGP_Israil_Data_Ph2
GSfile,177,31.6663166,34.5642932,45.145,6/13/2022,11:37:56:279,11.08402749,84.00639475,GS010598_180.jpg,2022_RVGP_Israil_Data_Ph2
GSfile,178,31.6663044,34.564177,45.225,6/13/2022,11:37:57:324,11.77980434,83.71077406,GS010598_181.jpg,2022_RVGP_Israil_Data_Ph2
GSfile,179,31.6662908,34.5640536,45.217,6/13/2022,11:37:58:314,10.82356201,84.11452712,GS010598_182.jpg,2022_RVGP_Israil_Data_Ph2
GSfile,180,31.6662791,34.5639401,45.26,6/13/2022,11:37:59:304,9.961747065,83.87674538,GS010598_183.jpg,2022_RVGP_Israil_Data_Ph2
GSfile,181,31.6662679,34.5638357,45.295,6/13/2022,11:38:00:294,10.66857212,83.51347357,GS010598_184.jpg,2022_RVGP_Israil_Data_Ph2
GSfile,182,31.6662552,34.563724,45.237,6/13/2022,11:38:01:284,9.626254694,83.20434666,GS010598_185.jpg,2022_RVGP_Israil_Data_Ph2
GSfile,183,31.6662432,34.5636233,45.294,6/13/2022,11:38:02:329,9.093796872,82.74141,GS010598_186.jpg,2022_RVGP_Israil_Data_Ph2
GSfile,184,31.6662311,34.5635283,45.323,6/13/2022,11:38:03:319,8.207583767,82.21691318,GS010598_187.jpg,2022_RVGP_Israil_Data_Ph2
GSfile,185,31.6662194,34.5634427,45.276,6/13/2022,11:38:04:309,7.250628275,82.54917851,GS010598_188.jpg,2022_RVGP_Israil_Data_Ph2
GSfile,186,31.6662095,34.563367,45.298,6/13/2022,11:38:05:299,6.020864029,82.7516948,GS010598_189.jpg,2022_RVGP_Israil_Data_Ph2
GSfile,187,31.6662015,34.5633041,45.318,6/13/2022,11:38:06:344,5.322455205,83.34388356,GS010598_190.jpg,2022_RVGP_Israil_Data_Ph2
GSfile,188,31.666195,34.5632484,45.435,6/13/2022,11:38:07:334,4.870231911,81.12624937,GS010598_191.jpg,2022_RVGP_Israil_Data_Ph2
GSfile,189,31.6661871,34.5631978,45.543,6/13/2022,11:38:08:324,3.676285888,79.24349201,GS010598_192.jpg,2022_RVGP_Israil_Data_Ph2
GSfile,190,31.6661799,34.5631599,45.646,6/13/2022,11:38:09:369,3.571892803,77.96940391,GS010598_193.jpg,2022_RVGP_Israil_Data_Ph2
GSfile,191,31.6661721,34.5631233,45.363,6/13/2022,11:38:10:304,3.087477877,76.56639464,GS010598_194.jpg,2022_RVGP_Israil_Data_Ph2
GSfile,192,31.6661646,34.5630919,45.405,6/13/2022,11:38:11:294,3.007125115,79.97100194,GS010598_195.jpg,2022_RVGP_Israil_Data_Ph2
GSfile,193,31.6661591,34.5630608,45.039,6/13/2022,11:38:12:339,2.889850371,80.90972307,GS010598_196.jpg,2022_RVGP_Israil_Data_Ph2
GSfile,194,31.6661543,34.5630308,44.973,6/13/2022,11:38:13:329,3.352886031,80.85835978,GS010598_197.jpg,2022_RVGP_Israil_Data_Ph2
GSfile,195,31.6661487,34.562996,44.995,6/13/2022,11:38:14:319,3.695783122,81.86989764,GS010598_198.jpg,2022_RVGP_Israil_Data_Ph2
GSfile,196,31.6661432,34.5629575,45.029,6/13/2022,11:38:15:309,3.609188713,79.19447099,GS010598_199.jpg,2022_RVGP_Israil_Data_Ph2
GSfile,197,31.6661361,34.5629203,45.253,6/13/2022,11:38:16:354,2.950237211,78.43574424,GS010598_200.jpg,2022_RVGP_Israil_Data_Ph2
GSfile,198,31.6661299,34.56289,45.42,6/13/2022,11:38:17:344,1.894452514,76.87536275,GS010598_201.jpg,2022_RVGP_Israil_Data_Ph2
GSfile,199,31.6661254,34.5628707,45.675,6/13/2022,11:38:18:334,0.968653053,77.4711923,GS010598_202.jpg,2022_RVGP_Israil_Data_Ph2
GSfile,200,31.6661232,34.5628608,45.853,6/13/2022,11:38:19:324,0.312790052,77.66091271,GS010598_203.jpg,2022_RVGP_Israil_Data_Ph2
GSfile,201,31.6661225,34.5628576,45.866,6/13/2022,11:38:20:314,0.009467012,90,GS010598_204.jpg,2022_RVGP_Israil_Data_Ph2
GSfile,202,31.6661225,34.5628575,45.853,6/13/2022,11:38:21:359,0.055614917,180,GS010598_205.jpg,2022_RVGP_Israil_Data_Ph2
GSfile,203,31.666123,34.5628575,45.97,6/13/2022,11:38:22:349,0.722462851,80.90972308,GS010598_206.jpg,2022_RVGP_Israil_Data_Ph2
GSfile,204,31.6661218,34.56285,45.983,6/13/2022,11:38:23:339,1.424544724,78.01248805,GS010598_207.jpg,2022_RVGP_Israil_Data_Ph2
GSfile,205,31.6661187,34.5628354,46.101,6/13/2022,11:38:24:329,1.788194697,81.43911044,GS010598_208.jpg,2022_RVGP_Israil_Data_Ph2
GSfile,206,31.6661159,34.5628168,46.229,6/13/2022,11:38:25:319,2.982627554,89.09061955,GS010598_209.jpg,2022_RVGP_Israil_Data_Ph2
GSfile,207,31.6661154,34.5627853,46.294,6/13/2022,11:38:26:364,4.096759268,94.37837328,GS010598_210.jpg,2022_RVGP_Israil_Data_Ph2
GSfile,208,31.6661187,34.5627422,46.235,6/13/2022,11:38:27:354,5.054218875,99.42685593,GS010598_211.jpg,2022_RVGP_Israil_Data_Ph2
GSfile,209,31.6661274,34.5626898,46.171,6/13/2022,11:38:28:344,4.636275238,94.10230406,GS010598_212.jpg,2022_RVGP_Israil_Data_Ph2
GSfile,210,31.6661309,34.562641,46.032,6/13/2022,11:38:29:334,4.610411714,83.73793882,GS010598_213.jpg,2022_RVGP_Israil_Data_Ph2
GSfile,211,31.6661256,34.5625927,45.854,6/13/2022,11:38:30:324,4.251223307,66.02415537,GS010598_214.jpg,2022_RVGP_Israil_Data_Ph2
GSfile,212,31.6661079,34.5625529,45.6,6/13/2022,11:38:31:369,3.774074392,42.65586753,GS010598_215.jpg,2022_RVGP_Israil_Data_Ph2
GSfile,213,31.6660812,34.5625283,45.615,6/13/2022,11:38:32:359,3.530034154,22.6878637,GS010598_216.jpg,2022_RVGP_Israil_Data_Ph2
GSfile,214,31.6660513,34.5625158,45.788,6/13/2022,11:38:33:349,3.960506275,358.7126711,GS010598_217.jpg,2022_RVGP_Israil_Data_Ph2
GSfile,215,31.6660157,34.5625166,45.933,6/13/2022,11:38:34:339,4.044796942,331.0490048,GS010598_218.jpg,2022_RVGP_Israil_Data_Ph2
GSfile,216,31.6659828,34.5625348,45.762,6/13/2022,11:38:35:384,3.907741689,306.6036827,GS010598_219.jpg,2022_RVGP_Israil_Data_Ph2
GSfile,217,31.6659597,34.5625659,45.691,6/13/2022,11:38:36:319,4.619878692,285.1612426,GS010598_220.jpg,2022_RVGP_Israil_Data_Ph2
GSfile,218,31.6659471,34.5626124,45.575,6/13/2022,11:38:37:364,5.153556418,260.433314,GS010598_221.jpg,2022_RVGP_Israil_Data_Ph2
GSfile,219,31.6659561,34.5626658,45.432,6/13/2022,11:38:38:354,5.58542986,244.5582515,GS010598_222.jpg,2022_RVGP_Israil_Data_Ph2
GSfile,220,31.6659806,34.5627173,45.409,6/13/2022,11:38:39:344,6.220924381,242.2583596,GS010598_223.jpg,2022_RVGP_Israil_Data_Ph2
GSfile,221,31.66601,34.5627732,45.412,6/13/2022,11:38:40:334,6.80399416,248.1226418,GS010598_224.jpg,2022_RVGP_Israil_Data_Ph2
GSfile,222,31.6660361,34.5628382,45.571,6/13/2022,11:38:41:324,7.440604225,255.0685828,GS010598_225.jpg,2022_RVGP_Israil_Data_Ph2
GSfile,223,31.6660561,34.5629132,45.614,6/13/2022,11:38:42:369,8.390242663,258.9964591,GS010598_226.jpg,2022_RVGP_Israil_Data_Ph2
GSfile,224,31.6660729,34.5629996,45.811,6/13/2022,11:38:43:304,10.07782804,261.3730154,GS010598_227.jpg,2022_RVGP_Israil_Data_Ph2
GSfile,225,31.6660888,34.5631044,45.768,6/13/2022,11:38:44:349,10.13303653,262.568592,GS010598_228.jpg,2022_RVGP_Israil_Data_Ph2
GSfile,226,31.6661026,34.5632102,45.673,6/13/2022,11:38:45:339,12.02748691,262.8805937,GS010598_229.jpg,2022_RVGP_Israil_Data_Ph2
GSfile,227,31.6661183,34.5633359,45.541,6/13/2022,11:38:46:384,11.11826949,262.8871213,GS010598_230.jpg,2022_RVGP_Israil_Data_Ph2
GSfile,228,31.6661328,34.5634521,45.408,6/13/2022,11:38:47:374,10.73605047,262.5795176,GS010598_231.jpg,2022_RVGP_Israil_Data_Ph2
GSfile,229,31.6661474,34.5635642,45.336,6/13/2022,11:38:48:364,10.42769803,263.256648,GS010598_232.jpg,2022_RVGP_Israil_Data_Ph2
GSfile,230,31.6661603,34.5636733,45.36,6/13/2022,11:38:49:354,10.99812057,264.0091019,GS010598_233.jpg,2022_RVGP_Israil_Data_Ph2
GSfile,231,31.6661724,34.5637886,45.007,6/13/2022,11:38:50:344,10.13001248,265.7616254,GS010598_234.jpg,2022_RVGP_Israil_Data_Ph2
GSfile,232,31.6661803,34.5638952,44.639,6/13/2022,11:38:51:334,9.946071942,265.9571645,GS010598_235.jpg,2022_RVGP_Israil_Data_Ph2
GSfile,233,31.6661877,34.5639999,44.563,6/13/2022,11:38:52:379,9.953691167,266.0698245,GS010598_236.jpg,2022_RVGP_Israil_Data_Ph2
GSfile,234,31.6661949,34.5641047,44.453,6/13/2022,11:38:53:369,10.33623614,264.1533748,GS010598_237.jpg,2022_RVGP_Israil_Data_Ph2
GSfile,235,31.666206,34.5642131,44.418,6/13/2022,11:38:54:359,9.620273691,262.7417053,GS010598_238.jpg,2022_RVGP_Israil_Data_Ph2
GSfile,236,31.6662188,34.5643136,44.27,6/13/2022,11:38:55:349,9.71784074,261.2197382,GS010598_239.jpg,2022_RVGP_Israil_Data_Ph2
GSfile,237,31.6662344,34.5644146,44.311,6/13/2022,11:38:56:339,9.781095387,262.1847065,GS010598_240.jpg,2022_RVGP_Israil_Data_Ph2
GSfile,238,31.6662484,34.5645166,44.215,6/13/2022,11:38:57:384,9.898572641,262.1109943,GS010598_241.jpg,2022_RVGP_Israil_Data_Ph2
GSfile,239,31.6662627,34.5646198,44.071,6/13/2022,11:38:58:374,9.797073348,262.5925371,GS010598_242.jpg,2022_RVGP_Israil_Data_Ph2
GSfile,240,31.666276,34.5647221,43.914,6/13/2022,11:38:59:419,9.909640956,261.5045652,GS010598_243.jpg,2022_RVGP_Israil_Data_Ph2
GSfile,241,31.6662914,34.5648252,43.907,6/13/2022,11:39:00:354,9.850939874,261.0014906,GS010598_244.jpg,2022_RVGP_Israil_Data_Ph2
GSfile,242,31.6663076,34.5649275,43.931,6/13/2022,11:39:01:399,10.16028695,262.3168608,GS010598_245.jpg,2022_RVGP_Israil_Data_Ph2
GSfile,243,31.6663219,34.5650335,43.815,6/13/2022,11:39:02:389,9.393937237,262.6235304,GS010598_246.jpg,2022_RVGP_Israil_Data_Ph2
GSfile,244,31.6663346,34.5651316,43.653,6/13/2022,11:39:03:379,9.44679613,262.7821219,GS010598_247.jpg,2022_RVGP_Israil_Data_Ph2
GSfile,245,31.6663471,34.5652303,43.493,6/13/2022,11:39:04:369,10.08123365,261.8164287,GS010598_248.jpg,2022_RVGP_Israil_Data_Ph2
GSfile,246,31.6663622,34.5653353,43.519,6/13/2022,11:39:05:359,9.002792016,262.2375569,GS010598_249.jpg,2022_RVGP_Israil_Data_Ph2
GSfile,247,31.666375,34.5654292,43.487,6/13/2022,11:39:06:404,9.780034284,262.5230145,GS010598_250.jpg,2022_RVGP_Israil_Data_Ph2
GSfile,248,31.6663884,34.5655313,43.864,6/13/2022,11:39:07:394,9.325270823,261.7377658,GS010598_251.jpg,2022_RVGP_Israil_Data_Ph2
GSfile,249,31.6664025,34.5656284,43.646,6/13/2022,11:39:08:384,9.783743169,260.9955215,GS010598_252.jpg,2022_RVGP_Israil_Data_Ph2
GSfile,250,31.6664186,34.56573,43.648,6/13/2022,11:39:09:374,8.709981001,261.1444494,GS010598_253.jpg,2022_RVGP_Israil_Data_Ph2
GSfile,251,31.6664327,34.5658205,43.694,6/13/2022,11:39:10:364,9.851149149,260.4921833,GS010598_254.jpg,2022_RVGP_Israil_Data_Ph2
GSfile,252,31.6664498,34.5659226,43.609,6/13/2022,11:39:11:354,8.875201205,260.8102724,GS010598_255.jpg,2022_RVGP_Israil_Data_Ph2
GSfile,253,31.6664647,34.5660147,43.599,6/13/2022,11:39:12:399,10.24364308,262.7036963,GS010598_256.jpg,2022_RVGP_Israil_Data_Ph2
GSfile,254,31.6664784,34.5661217,43.427,6/13/2022,11:39:13:389,9.118879627,260.2033661,GS010598_257.jpg,2022_RVGP_Israil_Data_Ph2
GSfile,255,31.6664947,34.5662161,43.211,6/13/2022,11:39:14:379,8.54668199,259.7294179,GS010598_258.jpg,2022_RVGP_Israil_Data_Ph2
GSfile,256,31.6665107,34.5663044,43.075,6/13/2022,11:39:15:369,9.347648026,259.7891323,GS010598_259.jpg,2022_RVGP_Israil_Data_Ph2
GSfile,257,31.6665281,34.566401,42.808,6/13/2022,11:39:16:414,9.023743064,259.4137902,GS010598_260.jpg,2022_RVGP_Israil_Data_Ph2
GSfile,258,31.6665455,34.5664941,42.772,6/13/2022,11:39:17:404,7.71105418,259.5368783,GS010598_261.jpg,2022_RVGP_Israil_Data_Ph2
GSfile,259,31.6665602,34.5665737,42.628,6/13/2022,11:39:18:394,7.917523905,259.1769888,GS010598_262.jpg,2022_RVGP_Israil_Data_Ph2
GSfile,260,31.6665758,34.5666553,42.42,6/13/2022,11:39:19:439,8.17400664,259.5936289,GS010598_263.jpg,2022_RVGP_Israil_Data_Ph2
GSfile,261,31.6665913,34.5667397,42.157,6/13/2022,11:39:20:429,7.799291846,261.0201088,GS010598_264.jpg,2022_RVGP_Israil_Data_Ph2
GSfile,262,31.6666041,34.5668207,41.749,6/13/2022,11:39:21:364,7.241159235,261.0078118,GS010598_265.jpg,2022_RVGP_Israil_Data_Ph2
GSfile,263,31.666616,34.5668959,41.761,6/13/2022,11:39:22:409,5.599004217,262.7906189,GS010598_266.jpg,2022_RVGP_Israil_Data_Ph2
GSfile,264,31.6666234,34.5669544,41.728,6/13/2022,11:39:23:399,3.667941415,264.5105112,GS010598_267.jpg,2022_RVGP_Israil_Data_Ph2
GSfile,265,31.6666271,34.5669929,41.679,6/13/2022,11:39:24:444,2.281010751,263.7914014,GS010598_268.jpg,2022_RVGP_Israil_Data_Ph2
GSfile,266,31.6666297,34.5670168,41.463,6/13/2022,11:39:25:434,2.228736117,272.9232029,GS010598_269.jpg,2022_RVGP_Israil_Data_Ph2
GSfile,267,31.6666285,34.5670403,41.296,6/13/2022,11:39:26:424,2.463185204,279.7899311,GS010598_270.jpg,2022_RVGP_Israil_Data_Ph2
GSfile,268,31.6666241,34.5670658,41.028,6/13/2022,11:39:27:414,3.328783762,282.0832819,GS010598_271.jpg,2022_RVGP_Israil_Data_Ph2
GSfile,269,31.6666168,34.5670999,40.837,6/13/2022,11:39:28:404,4.407639137,292.1533447,GS010598_272.jpg,2022_RVGP_Israil_Data_Ph2
GSfile,270,31.6665997,34.5671419,40.966,6/13/2022,11:39:29:449,5.478889601,297.6242576,GS010598_273.jpg,2022_RVGP_Israil_Data_Ph2
GSfile,271,31.6665739,34.5671912,41.183,6/13/2022,11:39:30:439,4.961377566,289.2110757,GS010598_274.jpg,2022_RVGP_Israil_Data_Ph2
GSfile,272,31.666557,34.5672397,41.632,6/13/2022,11:39:31:374,5.408255496,275.2308072,GS010598_275.jpg,2022_RVGP_Israil_Data_Ph2
GSfile,273,31.6665518,34.5672965,41.604,6/13/2022,11:39:32:364,5.339535163,253.5871829,GS010598_276.jpg,2022_RVGP_Israil_Data_Ph2
GSfile,274,31.6665675,34.5673498,41.978,6/13/2022,11:39:33:409,6.268845358,237.3469614,GS010598_277.jpg,2022_RVGP_Israil_Data_Ph2
GSfile,275,31.6666014,34.5674027,42.405,6/13/2022,11:39:34:399,7.569391062,238.1703457,GS010598_278.jpg,2022_RVGP_Israil_Data_Ph2
GSfile,276,31.6666415,34.5674673,42.127,6/13/2022,11:39:35:444,8.103907122,247.9561916,GS010598_279.jpg,2022_RVGP_Israil_Data_Ph2
GSfile,277,31.6666728,34.5675446,42.131,6/13/2022,11:39:36:434,8.955774961,255.1159837,GS010598_280.jpg,2022_RVGP_Israil_Data_Ph2
GSfile,278,31.6666968,34.5676349,41.927,6/13/2022,11:39:37:424,9.837543856,258.3631648,GS010598_281.jpg,2022_RVGP_Israil_Data_Ph2
GSfile,279,31.6667176,34.5677359,41.907,6/13/2022,11:39:38:414,10.83239026,259.0954321,GS010598_282.jpg,2022_RVGP_Israil_Data_Ph2
GSfile,280,31.6667391,34.5678475,41.873,6/13/2022,11:39:39:404,10.17404698,259.699951,GS010598_283.jpg,2022_RVGP_Israil_Data_Ph2
GSfile,281,31.6667582,34.5679526,42.2,6/13/2022,11:39:40:394,9.180476201,258.2462852,GS010598_284.jpg,2022_RVGP_Israil_Data_Ph2
GSfile,282,31.6667778,34.5680468,41.785,6/13/2022,11:39:41:384,9.426722586,259.2807247,GS010598_285.jpg,2022_RVGP_Israil_Data_Ph2
GSfile,283,31.6667962,34.568144,41.657,6/13/2022,11:39:42:429,7.847975102,259.2222112,GS010598_286.jpg,2022_RVGP_Israil_Data_Ph2
GSfile,284,31.6668116,34.5682249,41.606,6/13/2022,11:39:43:419,6.69583802,258.8340667,GS010598_287.jpg,2022_RVGP_Israil_Data_Ph2
GSfile,285,31.6668252,34.5682938,41.602,6/13/2022,11:39:44:409,4.742677851,258.3962456,GS010598_288.jpg,2022_RVGP_Israil_Data_Ph2
GSfile,286,31.6668352,34.5683425,41.644,6/13/2022,11:39:45:399,3.973684297,253.7120894,GS010598_289.jpg,2022_RVGP_Israil_Data_Ph2
GSfile,287,31.6668468,34.5683822,41.935,6/13/2022,11:39:46:444,3.060784247,252.4201486,GS010598_290.jpg,2022_RVGP_Israil_Data_Ph2
GSfile,288,31.6668564,34.5684125,42.149,6/13/2022,11:39:47:434,1.64854357,256.9306821,GS010598_291.jpg,2022_RVGP_Israil_Data_Ph2
GSfile,289,31.6668603,34.5684293,42.145,6/13/2022,11:39:48:424,0.965402195,256.2392149,GS010598_292.jpg,2022_RVGP_Israil_Data_Ph2
GSfile,290,31.6668627,34.5684391,42.175,6/13/2022,11:39:49:414,0.77543344,251.1139126,GS010598_293.jpg,2022_RVGP_Israil_Data_Ph2
GSfile,291,31.6668653,34.5684467,42.095,6/13/2022,11:39:50:404,1.204537906,253.3007558,GS010598_294.jpg,2022_RVGP_Israil_Data_Ph2
GSfile,292,31.6668689,34.5684587,42.075,6/13/2022,11:39:51:394,2.368275926,252.7432045,GS010598_295.jpg,2022_RVGP_Israil_Data_Ph2
GSfile,293,31.6668762,34.5684822,42.133,6/13/2022,11:39:52:439,3.060884127,255.3112132,GS010598_296.jpg,2022_RVGP_Israil_Data_Ph2
GSfile,294,31.6668843,34.5685131,42.208,6/13/2022,11:39:53:429,3.861972162,257.1328959,GS010598_297.jpg,2022_RVGP_Israil_Data_Ph2
GSfile,295,31.6668933,34.5685525,42.36,6/13/2022,11:39:54:419,4.4414217,263.4975743,GS010598_298.jpg,2022_RVGP_Israil_Data_Ph2
GSfile,296,31.6668986,34.568599,42.459,6/13/2022,11:39:55:409,4.782988539,273.4064438,GS010598_299.jpg,2022_RVGP_Israil_Data_Ph2
GSfile,297,31.6668956,34.5686494,42.633,6/13/2022,11:39:56:399,4.392237899,287.2042517,GS010598_300.jpg,2022_RVGP_Israil_Data_Ph2
GSfile,298,31.6668821,34.568693,42.564,6/13/2022,11:39:57:389,4.66480079,294.3645153,GS010598_301.jpg,2022_RVGP_Israil_Data_Ph2
GSfile,299,31.6668624,34.5687365,42.383,6/13/2022,11:39:58:434,5.087632924,292.9825984,GS010598_302.jpg,2022_RVGP_Israil_Data_Ph2
GSfile,300,31.666842,34.5687846,42.099,6/13/2022,11:39:59:479,5.719578595,283.3392489,GS010598_303.jpg,2022_RVGP_Israil_Data_Ph2
GSfile,301,31.6668282,34.5688428,41.739,6/13/2022,11:40:00:414,5.353918931,267.8714022,GS010598_304.jpg,2022_RVGP_Israil_Data_Ph2
GSfile,302,31.6668303,34.5688993,41.497,6/13/2022,11:40:01:459,5.35423718,253.1923345,GS010598_305.jpg,2022_RVGP_Israil_Data_Ph2
GSfile,303,31.6668464,34.5689526,41.354,6/13/2022,11:40:02:449,5.662091186,232.3315353,GS010598_306.jpg,2022_RVGP_Israil_Data_Ph2
GSfile,304,31.6668806,34.5689969,41.415,6/13/2022,11:40:03:439,6.274063081,211.7673851,GS010598_307.jpg,2022_RVGP_Israil_Data_Ph2
GSfile,305,31.6669305,34.5690278,41.343,6/13/2022,11:40:04:429,7.009138521,205.7335882,GS010598_308.jpg,2022_RVGP_Israil_Data_Ph2
GSfile,306,31.6669888,34.5690559,41.304,6/13/2022,11:40:05:419,8.433423333,211.8976411,GS010598_309.jpg,2022_RVGP_Israil_Data_Ph2
GSfile,307,31.6670558,34.5690976,41.163,6/13/2022,11:40:06:464,8.916735396,220.0467425,GS010598_310.jpg,2022_RVGP_Israil_Data_Ph2
GSfile,308,31.667121,34.5691524,41.08,6/13/2022,11:40:07:399,9.858122853,226.4796358,GS010598_311.jpg,2022_RVGP_Israil_Data_Ph2
GSfile,309,31.667187,34.5692219,41.137,6/13/2022,11:40:08:389,10.15106179,234.5942487,GS010598_312.jpg,2022_RVGP_Israil_Data_Ph2
GSfile,310,31.6672455,34.5693042,41.084,6/13/2022,11:40:09:434,10.19079369,242.0969689,GS010598_313.jpg,2022_RVGP_Israil_Data_Ph2
GSfile,311,31.6672939,34.5693956,41.16,6/13/2022,11:40:10:424,10.4222447,244.9506112,GS010598_314.jpg,2022_RVGP_Israil_Data_Ph2
GSfile,312,31.667339,34.5694921,41.215,6/13/2022,11:40:11:414,9.293243475,246.0191822,GS010598_315.jpg,2022_RVGP_Israil_Data_Ph2
GSfile,313,31.6673777,34.5695791,41.281,6/13/2022,11:40:12:459,10.52043642,246.6411127,GS010598_316.jpg,2022_RVGP_Israil_Data_Ph2
GSfile,314,31.6674205,34.5696782,41.341,6/13/2022,11:40:13:449,9.897042207,245.9629221,GS010598_317.jpg,2022_RVGP_Israil_Data_Ph2
GSfile,315,31.6674618,34.5697708,41.381,6/13/2022,11:40:14:439,10.2489399,245.5605656,GS010598_318.jpg,2022_RVGP_Israil_Data_Ph2
GSfile,316,31.6675052,34.5698663,41.368,6/13/2022,11:40:15:429,8.824282294,246.1275683,GS010598_319.jpg,2022_RVGP_Israil_Data_Ph2
GSfile,317,31.6675418,34.569949,41.42,6/13/2022,11:40:16:419,9.352008335,246.1892313,GS010598_320.jpg,2022_RVGP_Israil_Data_Ph2
GSfile,318,31.6675805,34.5700367,41.382,6/13/2022,11:40:17:409,6.835100057,247.3048367,GS010598_321.jpg,2022_RVGP_Israil_Data_Ph2
GSfile,319,31.6676076,34.5701015,41.31,6/13/2022,11:40:18:454,6.372338437,246.7669009,GS010598_322.jpg,2022_RVGP_Israil_Data_Ph2
GSfile,320,31.6676334,34.5701616,41.352,6/13/2022,11:40:19:444,5.665881423,246.1276774,GS010598_323.jpg,2022_RVGP_Israil_Data_Ph2
GSfile,321,31.6676569,34.5702147,41.469,6/13/2022,11:40:20:434,4.17342259,246.6081402,GS010598_324.jpg,2022_RVGP_Israil_Data_Ph2
GSfile,322,31.6676739,34.570254,41.519,6/13/2022,11:40:21:424,3.691244199,246.1451519,GS010598_325.jpg,2022_RVGP_Israil_Data_Ph2
GSfile,323,31.6676892,34.5702886,41.514,6/13/2022,11:40:22:414,2.952627824,246.2297135,GS010598_326.jpg,2022_RVGP_Israil_Data_Ph2
GSfile,324,31.6677014,34.5703163,41.599,6/13/2022,11:40:23:404,2.582662095,244.1158513,GS010598_327.jpg,2022_RVGP_Israil_Data_Ph2
GSfile,325,31.6677129,34.57034,41.762,6/13/2022,11:40:24:449,1.855577432,245.0560947,GS010598_328.jpg,2022_RVGP_Israil_Data_Ph2
GSfile,326,31.6677209,34.5703572,41.877,6/13/2022,11:40:25:494,1.289993252,243.82471,GS010598_329.jpg,2022_RVGP_Israil_Data_Ph2
GSfile,327,31.6677267,34.570369,42.003,6/13/2022,11:40:26:484,0.654323464,247.2490236,GS010598_330.jpg,2022_RVGP_Israil_Data_Ph2
GSfile,328,31.6677293,34.5703752,42.134,6/13/2022,11:40:27:474,0.396513146,251.5650512,GS010598_331.jpg,2022_RVGP_Israil_Data_Ph2
GSfile,329,31.6677306,34.5703791,42.241,6/13/2022,11:40:28:464,0.056414893,191.3099326,GS010598_332.jpg,2022_RVGP_Israil_Data_Ph2
GSfile,330,31.6677311,34.5703792,42.312,6/13/2022,11:40:29:454,0.024176523,333.4349488,GS010598_333.jpg,2022_RVGP_Israil_Data_Ph2
GSfile,331,31.6677309,34.5703793,42.388,6/13/2022,11:40:30:499,0.036075947,123.6900682,GS010598_334.jpg,2022_RVGP_Israil_Data_Ph2
GSfile,332,31.6677311,34.570379,42.292,6/13/2022,11:40:31:434,0.114798374,163.3007555,GS010598_335.jpg,2022_RVGP_Israil_Data_Ph2
GSfile,333,31.6677321,34.5703787,42.329,6/13/2022,11:40:32:479,0.029212461,225,GS010598_336.jpg,2022_RVGP_Israil_Data_Ph2
GSfile,334,31.6677323,34.5703789,42.262,6/13/2022,11:40:33:469,0.08948603,172.8749836,GS010598_337.jpg,2022_RVGP_Israil_Data_Ph2
GSfile,335,31.6677331,34.5703788,42.23,6/13/2022,11:40:34:459,0.064962007,128.6598084,GS010598_338.jpg,2022_RVGP_Israil_Data_Ph2
GSfile,336,31.6677335,34.5703783,42.192,6/13/2022,11:40:35:449,0.073031151,135,GS010598_339.jpg,2022_RVGP_Israil_Data_Ph2
GSfile,337,31.667734,34.5703778,42.21,6/13/2022,11:40:36:494,0.062446856,149.0362433,GS010598_340.jpg,2022_RVGP_Israil_Data_Ph2
GSfile,338,31.6677345,34.5703775,42.309,6/13/2022,11:40:37:484,0.039467202,104.0362432,GS010598_341.jpg,2022_RVGP_Israil_Data_Ph2
GSfile,339,31.6677346,34.5703771,42.313,6/13/2022,11:40:38:474,0.036075946,123.6900675,GS010598_342.jpg,2022_RVGP_Israil_Data_Ph2
GSfile,340,31.6677348,34.5703768,42.384,6/13/2022,11:40:39:464,0.03050101,71.56505077,GS010598_343.jpg,2022_RVGP_Israil_Data_Ph2
GSfile,341,31.6677347,34.5703765,42.419,6/13/2022,11:40:40:509,0.02195918,63.43494882,GS010598_344.jpg,2022_RVGP_Israil_Data_Ph2
GSfile,342,31.6677346,34.5703763,42.498,6/13/2022,11:40:41:499,0.217539575,239.9314171,GS010598_345.jpg,2022_RVGP_Israil_Data_Ph2
GSfile,343,31.6677357,34.5703782,42.52,6/13/2022,11:40:42:434,1.303891199,245.1648325,GS010598_346.jpg,2022_RVGP_Israil_Data_Ph2
GSfile,344,31.6677413,34.5703903,42.487,6/13/2022,11:40:43:479,2.575287638,245.5740345,GS010598_347.jpg,2022_RVGP_Israil_Data_Ph2
GSfile,345,31.6677522,34.5704143,42.475,6/13/2022,11:40:44:469,3.944144149,246.2245634,GS010598_348.jpg,2022_RVGP_Israil_Data_Ph2
GSfile,346,31.6677685,34.5704513,42.336,6/13/2022,11:40:45:514,4.981120359,246.5953105,GS010598_349.jpg,2022_RVGP_Israil_Data_Ph2
GSfile,347,31.6677888,34.5704982,42.236,6/13/2022,11:40:46:504,6.015613289,245.6407453,GS010598_350.jpg,2022_RVGP_Israil_Data_Ph2
GSfile,348,31.6678142,34.5705543,42.165,6/13/2022,11:40:47:494,6.847234176,245.5560452,GS010598_351.jpg,2022_RVGP_Israil_Data_Ph2
GSfile,349,31.6678432,34.5706181,42.138,6/13/2022,11:40:48:484,7.435833515,247.4608576,GS010598_352.jpg,2022_RVGP_Israil_Data_Ph2
GSfile,350,31.6678725,34.5706887,42.098,6/13/2022,11:40:49:474,7.850866154,247.9747286,GS010598_353.jpg,2022_RVGP_Israil_Data_Ph2
GSfile,351,31.6679028,34.5707636,41.953,6/13/2022,11:40:50:519,8.898658821,249.5534231,GS010598_354.jpg,2022_RVGP_Israil_Data_Ph2
GSfile,352,31.6679349,34.5708497,41.653,6/13/2022,11:40:51:509,9.058781767,251.5650512,GS010598_355.jpg,2022_RVGP_Israil_Data_Ph2
GSfile,353,31.6679646,34.5709388,41.308,6/13/2022,11:40:52:499,9.844318274,252.3450198,GS010598_356.jpg,2022_RVGP_Israil_Data_Ph2
GSfile,354,31.6679956,34.5710362,40.924,6/13/2022,11:40:53:489,10.93563677,251.3732133,GS010598_357.jpg,2022_RVGP_Israil_Data_Ph2
GSfile,355,31.6680318,34.5711436,40.545,6/13/2022,11:40:54:479,12.01069786,252.3060915,GS010598_358.jpg,2022_RVGP_Israil_Data_Ph2
GSfile,356,31.6680697,34.5712624,40.03,6/13/2022,11:40:55:524,12.97389143,253.2438139,GS010598_359.jpg,2022_RVGP_Israil_Data_Ph2
GSfile,357,31.6681086,34.5713916,39.525,6/13/2022,11:40:56:459,12.62705269,253.8809992,GS010598_360.jpg,2022_RVGP_Israil_Data_Ph2
GSfile,358,31.6681451,34.5715179,39.1,6/13/2022,11:40:57:449,12.86234164,254.283645,GS010598_361.jpg,2022_RVGP_Israil_Data_Ph2
GSfile,359,31.6681814,34.5716469,38.625,6/13/2022,11:40:58:494,13.54500199,255.5018623,GS010598_362.jpg,2022_RVGP_Israil_Data_Ph2
GSfile,360,31.6682168,34.5717838,38.2,6/13/2022,11:40:59:484,12.73829832,256.631412,GS010598_363.jpg,2022_RVGP_Israil_Data_Ph2
GSfile,361,31.6682476,34.5719134,37.839,6/13/2022,11:41:00:474,12.03086347,256.3394612,GS010598_364.jpg,2022_RVGP_Israil_Data_Ph2
GSfile,362,31.6682773,34.5720356,37.679,6/13/2022,11:41:01:464,12.46390463,255.5365825,GS010598_365.jpg,2022_RVGP_Israil_Data_Ph2
GSfile,363,31.6683098,34.5721616,37.45,6/13/2022,11:41:02:454,13.56202259,255.7773497,GS010598_366.jpg,2022_RVGP_Israil_Data_Ph2
GSfile,364,31.6683446,34.5722989,37.286,6/13/2022,11:41:03:499,11.59673005,256.5024287,GS010598_367.jpg,2022_RVGP_Israil_Data_Ph2
GSfile,365,31.6683729,34.5724168,37.087,6/13/2022,11:41:04:489,12.41608781,257.4711923,GS010598_368.jpg,2022_RVGP_Israil_Data_Ph2
GSfile,366,31.6684011,34.5725437,36.855,6/13/2022,11:41:05:479,13.25549058,258.0752254,GS010598_369.jpg,2022_RVGP_Israil_Data_Ph2
GSfile,367,31.6684298,34.5726796,36.593,6/13/2022,11:41:06:469,12.30752067,258.9250633,GS010598_370.jpg,2022_RVGP_Israil_Data_Ph2
GSfile,368,31.6684546,34.5728063,36.291,6/13/2022,11:41:07:514,11.81247623,258.3996891,GS010598_371.jpg,2022_RVGP_Israil_Data_Ph2
GSfile,369,31.6684795,34.5729276,36.074,6/13/2022,11:41:08:504,11.52459422,259.033931,GS010598_372.jpg,2022_RVGP_Israil_Data_Ph2
GSfile,370,31.6685025,34.5730463,35.949,6/13/2022,11:41:09:494,9.509169035,258.7238703,GS010598_373.jpg,2022_RVGP_Israil_Data_Ph2
GSfile,371,31.668522,34.5731441,35.946,6/13/2022,11:41:10:484,9.518384602,258.7350937,GS010598_374.jpg,2022_RVGP_Israil_Data_Ph2
GSfile,372,31.6685415,34.573242,35.806,6/13/2022,11:41:11:474,7.847834668,259.2222112,GS010598_375.jpg,2022_RVGP_Israil_Data_Ph2
GSfile,373,31.6685569,34.5733229,35.658,6/13/2022,11:41:12:519,6.55572995,259.6206951,GS010598_376.jpg,2022_RVGP_Israil_Data_Ph2
GSfile,374,31.6685693,34.5733906,35.474,6/13/2022,11:41:13:454,5.590477406,259.4943004,GS010598_377.jpg,2022_RVGP_Israil_Data_Ph2
GSfile,375,31.66858,34.5734483,35.307,6/13/2022,11:41:14:499,3.967917317,259.2028281,GS010598_378.jpg,2022_RVGP_Israil_Data_Ph2
GSfile,376,31.6685878,34.5734892,35.218,6/13/2022,11:41:15:489,4.132966716,258.6900675,GS010598_379.jpg,2022_RVGP_Israil_Data_Ph2
GSfile,377,31.6685963,34.5735317,35.099,6/13/2022,11:41:16:479,3.033068873,258.7607158,GS010598_380.jpg,2022_RVGP_Israil_Data_Ph2
GSfile,378,31.6686025,34.5735629,35.098,6/13/2022,11:41:17:469,2.516657528,258.8603368,GS010598_381.jpg,2022_RVGP_Israil_Data_Ph2
GSfile,379,31.6686076,34.5735888,35.029,6/13/2022,11:41:18:514,1.708519407,260.3802722,GS010598_382.jpg,2022_RVGP_Israil_Data_Ph2
GSfile,380,31.6686106,34.5736065,34.951,6/13/2022,11:41:19:504,0.838398144,258.1785117,GS010598_383.jpg,2022_RVGP_Israil_Data_Ph2
GSfile,381,31.6686124,34.5736151,34.865,6/13/2022,11:41:20:494,0.087836102,243.434949,GS010598_384.jpg,2022_RVGP_Israil_Data_Ph2
GSfile,382,31.6686128,34.5736159,34.821,6/13/2022,11:41:21:484,0.077860883,180,GS010598_385.jpg,2022_RVGP_Israil_Data_Ph2
GSfile,383,31.6686135,34.5736159,34.797,6/13/2022,11:41:22:474,0.044491934,180,GS010598_386.jpg,2022_RVGP_Israil_Data_Ph2
GSfile,384,31.6686139,34.5736159,34.831,6/13/2022,11:41:23:519,0.050471764,233.1301022,GS010598_387.jpg,2022_RVGP_Israil_Data_Ph2
GSfile,385,31.6686142,34.5736163,34.951,6/13/2022,11:41:24:509,0.014606172,45,GS010598_388.jpg,2022_RVGP_Israil_Data_Ph2
GSfile,386,31.6686141,34.5736162,34.86,6/13/2022,11:41:25:499,0.052300772,111.8014098,GS010598_389.jpg,2022_RVGP_Israil_Data_Ph2
GSfile,387,31.6686143,34.5736157,34.764,6/13/2022,11:41:26:489,0,0,GS010598_390.jpg,2022_RVGP_Israil_Data_Ph2
GSfile,388,31.6686143,34.5736157,34.762,6/13/2022,11:41:27:479,0.030500759,71.56505077,GS010598_391.jpg,2022_RVGP_Israil_Data_Ph2
GSfile,389,31.6686142,34.5736154,34.738,6/13/2022,11:41:28:524,0.029212344,45.00000051,GS010598_392.jpg,2022_RVGP_Israil_Data_Ph2
GSfile,390,31.668614,34.5736152,34.618,6/13/2022,11:41:29:514,0.024176488,26.56505118,GS010598_393.jpg,2022_RVGP_Israil_Data_Ph2
GSfile,391,31.6686138,34.5736151,34.472,6/13/2022,11:41:30:504,0.039466858,104.0362437,GS010598_394.jpg,2022_RVGP_Israil_Data_Ph2
GSfile,392,31.6686139,34.5736147,34.242,6/13/2022,11:41:31:494,0.014606172,315,GS010598_395.jpg,2022_RVGP_Israil_Data_Ph2
GSfile,393,31.6686138,34.5736148,34.084,6/13/2022,11:41:32:484,0.045487928,345.9637563,GS010598_396.jpg,2022_RVGP_Israil_Data_Ph2
GSfile,394,31.6686134,34.5736149,33.876,6/13/2022,11:41:33:474,0.024176488,26.56505118,GS010598_397.jpg,2022_RVGP_Israil_Data_Ph2
GSfile,395,31.6686132,34.5736148,33.736,6/13/2022,11:41:34:519,0.022245966,0,GS010598_398.jpg,2022_RVGP_Israil_Data_Ph2
GSfile,396,31.668613,34.5736148,33.625,6/13/2022,11:41:35:509,0.014606172,225,GS010598_399.jpg,2022_RVGP_Israil_Data_Ph2
GSfile,397,31.6686131,34.5736149,33.477,6/13/2022,11:41:36:499,0.038366195,326.3099334,GS010598_400.jpg,2022_RVGP_Israil_Data_Ph2
GSfile,398,31.6686128,34.5736151,33.321,6/13/2022,11:41:37:544,0.024176488,333.4349484,GS010598_401.jpg,2022_RVGP_Israil_Data_Ph2
GSfile,399,31.6686126,34.5736152,33.13,6/13/2022,11:41:38:479,0.022245966,0,GS010598_402.jpg,2022_RVGP_Israil_Data_Ph2
GSfile,400,31.6686124,34.5736152,32.933,6/13/2022,11:41:39:524,0.034685823,341.565051,GS010598_403.jpg,2022_RVGP_Israil_Data_Ph2
GSfile,401,31.6686121,34.5736153,32.764,6/13/2022,11:41:40:514,0.036075734,236.3099323,GS010598_404.jpg,2022_RVGP_Israil_Data_Ph2
GSfile,402,31.6686123,34.5736156,32.733,6/13/2022,11:41:41:559,0.034685823,161.5650522,GS010598_405.jpg,2022_RVGP_Israil_Data_Ph2
GSfile,403,31.6686126,34.5736155,32.621,6/13/2022,11:41:42:494,0.03050076,288.4349492,GS010598_406.jpg,2022_RVGP_Israil_Data_Ph2
GSfile,404,31.6686125,34.5736158,32.566,6/13/2022,11:41:43:539,0.038366194,326.3099322,GS010598_407.jpg,2022_RVGP_Israil_Data_Ph2
GSfile,405,31.6686122,34.573616,32.59,6/13/2022,11:41:44:529,0.05791351,300.9637566,GS010598_408.jpg,2022_RVGP_Israil_Data_Ph2
GSfile,406,31.6686119,34.5736165,32.632,6/13/2022,11:41:45:519,0.037867033,270,GS010598_409.jpg,2022_RVGP_Israil_Data_Ph2
GSfile,407,31.6686119,34.5736169,32.69,6/13/2022,11:41:46:564,0.043918052,296.5650508,GS010598_410.jpg,2022_RVGP_Israil_Data_Ph2
GSfile,408,31.6686117,34.5736173,32.735,6/13/2022,11:41:47:554,0.029212344,315.0000005,GS010598_411.jpg,2022_RVGP_Israil_Data_Ph2
GSfile,409,31.6686115,34.5736175,32.732,6/13/2022,11:41:48:544,0.067282473,321.3401915,GS010598_412.jpg,2022_RVGP_Israil_Data_Ph2
GSfile,410,31.668611,34.5736179,32.62,6/13/2022,11:41:49:534,0.048623129,281.3099322,GS010598_413.jpg,2022_RVGP_Israil_Data_Ph2
GSfile,411,31.6686109,34.5736184,32.556,6/13/2022,11:41:50:524,0.039466859,255.9637568,GS010598_414.jpg,2022_RVGP_Israil_Data_Ph2
GSfile,412,31.668611,34.5736188,32.508,6/13/2022,11:41:51:514,0.079817845,299.7448811,GS010598_415.jpg,2022_RVGP_Israil_Data_Ph2
GSfile,413,31.6686106,34.5736195,32.493,6/13/2022,11:41:52:559,0.094049474,310.6012946,GS010598_416.jpg,2022_RVGP_Israil_Data_Ph2
GSfile,414,31.66861,34.5736202,32.552,6/13/2022,11:41:53:549,0.072151471,303.6900676,GS010598_417.jpg,2022_RVGP_Israil_Data_Ph2
GSfile,415,31.6686096,34.5736208,32.609,6/13/2022,11:41:54:539,0.058749442,338.1985902,GS010598_418.jpg,2022_RVGP_Israil_Data_Ph2
GSfile,416,31.6686091,34.573621,32.614,6/13/2022,11:41:55:529,0.057879387,260.537678,GS010598_419.jpg,2022_RVGP_Israil_Data_Ph2
GSfile,417,31.6686092,34.5736216,32.837,6/13/2022,11:41:56:574,0.07419463,293.1985907,GS010598_420.jpg,2022_RVGP_Israil_Data_Ph2
GSfile,418,31.6686089,34.5736223,33.029,6/13/2022,11:41:57:509,0.057913512,300.9637562,GS010598_421.jpg,2022_RVGP_Israil_Data_Ph2
GSfile,419,31.6686086,34.5736228,33.194,6/13/2022,11:41:58:554,0.072151471,303.6900674,GS010598_422.jpg,2022_RVGP_Israil_Data_Ph2
GSfile,420,31.6686082,34.5736234,33.303,6/13/2022,11:41:59:544,0.091502283,288.4349489,GS010598_423.jpg,2022_RVGP_Israil_Data_Ph2
GSfile,421,31.6686079,34.5736243,33.5,6/13/2022,11:42:00:534,0.079817847,299.7448813,GS010598_424.jpg,2022_RVGP_Israil_Data_Ph2
GSfile,422,31.6686075,34.573625,33.703,6/13/2022,11:42:01:579,0.096118226,293.962489,GS010598_425.jpg,2022_RVGP_Israil_Data_Ph2
GSfile,423,31.6686071,34.5736259,33.904,6/13/2022,11:42:02:514,0.148808349,284.9314171,GS010598_426.jpg,2022_RVGP_Israil_Data_Ph2
GSfile,424,31.6686067,34.5736274,34.077,6/13/2022,11:42:03:559,0.494277979,265.6012947,GS010598_427.jpg,2022_RVGP_Israil_Data_Ph2
GSfile,425,31.6686071,34.5736326,34.142,6/13/2022,11:42:04:549,0.856811234,261.060435,GS010598_428.jpg,2022_RVGP_Israil_Data_Ph2
GSfile,426,31.6686085,34.5736415,34.207,6/13/2022,11:42:05:539,1.211388728,261.4247674,GS010598_429.jpg,2022_RVGP_Israil_Data_Ph2
GSfile,427,31.6686104,34.5736541,34.226,6/13/2022,11:42:06:529,2.567421406,260.3980174,GS010598_430.jpg,2022_RVGP_Israil_Data_Ph2
GSfile,428,31.6686149,34.5736807,34.248,6/13/2022,11:42:07:519,4.527890764,259.8244892,GS010598_431.jpg,2022_RVGP_Israil_Data_Ph2
GSfile,429,31.6686233,34.5737275,34.19,6/13/2022,11:42:08:564,5.912178541,259.7942097,GS010598_432.jpg,2022_RVGP_Israil_Data_Ph2
GSfile,430,31.6686343,34.5737886,34.095,6/13/2022,11:42:09:554,7.352980257,258.9377213,GS010598_433.jpg,2022_RVGP_Israil_Data_Ph2
GSfile,431,31.6686491,34.5738643,33.973,6/13/2022,11:42:10:544,8.654070008,258.9499947,GS010598_434.jpg,2022_RVGP_Israil_Data_Ph2
GSfile,432,31.6686665,34.5739534,33.834,6/13/2022,11:42:11:534,9.740346749,257.9522999,GS010598_435.jpg,2022_RVGP_Israil_Data_Ph2
GSfile,433,31.6686878,34.5740532,33.659,6/13/2022,11:42:12:579,9.79429606,257.0891857,GS010598_436.jpg,2022_RVGP_Israil_Data_Ph2
GSfile,434,31.6687107,34.5741531,33.494,6/13/2022,11:42:13:569,9.745028483,256.7272914,GS010598_437.jpg,2022_RVGP_Israil_Data_Ph2
GSfile,435,31.6687341,34.5742523,33.258,6/13/2022,11:42:14:559,9.947143633,255.4418052,GS010598_438.jpg,2022_RVGP_Israil_Data_Ph2
GSfile,436,31.6687602,34.5743528,33.024,6/13/2022,11:42:15:549,10.21357115,254.9854401,GS010598_439.jpg,2022_RVGP_Israil_Data_Ph2
GSfile,437,31.6687878,34.5744557,32.842,6/13/2022,11:42:16:539,10.66078013,253.8347823,GS010598_440.jpg,2022_RVGP_Israil_Data_Ph2
GSfile,438,31.6688187,34.5745623,32.669,6/13/2022,11:42:17:529,9.761336671,252.7976046,GS010598_441.jpg,2022_RVGP_Israil_Data_Ph2
GSfile,439,31.6688487,34.5746592,32.485,6/13/2022,11:42:18:574,9.682559146,252.7716685,GS010598_442.jpg,2022_RVGP_Israil_Data_Ph2
GSfile,440,31.6688785,34.5747553,32.297,6/13/2022,11:42:19:564,6.9265553,251.1357828,GS010598_443.jpg,2022_RVGP_Israil_Data_Ph2
GSfile,441,31.6689017,34.5748232,32.213,6/13/2022,11:42:20:554,6.9265553,251.1357828,GS010598_444.jpg,2022_RVGP_Israil_Data_Ph2
